Код,Датум,Цена на последна трансакција,Мак.,Мин.,Просечна цена,%пром.,Количина,Промет во БЕСТ во денари,Вкупен промет во денари
GRDN,13.11.2014,"310,00",,,"310,00","0,00",,,
GRDN,14.11.2014,"310,00",,,"310,00","0,00",,,
GRDN,17.11.2014,"310,00",,,"310,00","0,00",,,
GRDN,18.11.2014,"310,00",,,"310,00","0,00",,,
GRDN,19.11.2014,"310,00",,,"310,00","0,00",,,
GRDN,20.11.2014,"310,00",,,"310,00","0,00",,,
GRDN,21.11.2014,"310,00",,,"310,00","0,00",,,
GRDN,24.11.2014,"310,00","310,00","310,00","310,00","0,00",55.0,17.05,17.05
GRDN,25.11.2014,"310,00",,,"310,00","0,00",,,
GRDN,26.11.2014,"310,00",,,"310,00","0,00",,,
GRDN,27.11.2014,"310,00",,,"310,00","0,00",,,
GRDN,28.11.2014,"310,00",,,"310,00","0,00",,,
GRDN,01.12.2014,"310,00",,,"310,00","0,00",,,
GRDN,02.12.2014,"310,00",,,"310,00","0,00",,,
GRDN,04.12.2014,"310,00",,,"310,00","0,00",,,
GRDN,05.12.2014,"310,00",,,"310,00","0,00",,,
GRDN,09.12.2014,"310,00",,,"310,00","0,00",,,
GRDN,10.12.2014,"310,00","310,00","310,00","310,00","0,00",176.0,54.56,54.56
GRDN,11.12.2014,"310,00",,,"310,00","0,00",,,
GRDN,12.12.2014,"310,00",,,"310,00","0,00",,,
GRDN,15.12.2014,"310,00",,,"310,00","0,00",,,
GRDN,16.12.2014,"310,00",,,"310,00","0,00",,,
GRDN,17.12.2014,"310,00",,,"310,00","0,00",,,
GRDN,18.12.2014,"310,00",,,"310,00","0,00",,,
GRDN,19.12.2014,"310,00",,,"310,00","0,00",,,
GRDN,22.12.2014,"310,00",,,"310,00","0,00",,,
GRDN,23.12.2014,"310,00",,,"310,00","0,00",,,
GRDN,24.12.2014,"310,00",,,"310,00","0,00",,,
GRDN,25.12.2014,"310,00",,,"310,00","0,00",,,
GRDN,26.12.2014,"310,00",,,"310,00","0,00",,,
GRDN,29.12.2014,"310,00",,,"310,00","0,00",,,
GRDN,30.12.2014,"310,00",,,"310,00","0,00",,,
GRDN,02.01.2015,"310,00",,,"310,00","0,00",,,
GRDN,05.01.2015,"310,00",,,"310,00","0,00",,,
GRDN,08.01.2015,"310,00",,,"310,00","0,00",,,
GRDN,09.01.2015,"310,00",,,"310,00","0,00",,,
GRDN,12.01.2015,"310,00",,,"310,00","0,00",,,
GRDN,13.01.2015,"310,00",,,"310,00","0,00",,,
GRDN,14.01.2015,"310,00",,,"310,00","0,00",,,
GRDN,15.01.2015,"310,00",,,"310,00","0,00",,,
GRDN,16.01.2015,"310,00",,,"310,00","0,00",,,
GRDN,20.01.2015,"310,00",,,"310,00","0,00",,,
GRDN,21.01.2015,"310,00",,,"310,00","0,00",,,
GRDN,22.01.2015,"310,00",,,"310,00","0,00",,,
GRDN,23.01.2015,"310,00",,,"310,00","0,00",,,
GRDN,26.01.2015,"310,00",,,"310,00","0,00",,,
GRDN,27.01.2015,"310,00",,,"310,00","0,00",,,
GRDN,28.01.2015,"310,00",,,"310,00","0,00",,,
GRDN,29.01.2015,"310,00",,,"310,00","0,00",,,
GRDN,30.01.2015,"310,00",,,"310,00","0,00",,,
GRDN,02.02.2015,"310,00",,,"310,00","0,00",,,
GRDN,03.02.2015,"310,00",,,"310,00","0,00",,,
GRDN,04.02.2015,"310,00",,,"310,00","0,00",,,
GRDN,05.02.2015,"310,00",,,"310,00","0,00",,,
GRDN,06.02.2015,"310,00",,,"310,00","0,00",,,
GRDN,09.02.2015,"310,00",,,"310,00","0,00",,,
GRDN,10.02.2015,"310,00",,,"310,00","0,00",,,
GRDN,11.02.2015,"310,00",,,"310,00","0,00",,,
GRDN,12.02.2015,"310,00",,,"310,00","0,00",,,
GRDN,13.02.2015,"310,00",,,"310,00","0,00",,,
GRDN,16.02.2015,"310,00",,,"310,00","0,00",,,
GRDN,17.02.2015,"310,00",,,"310,00","0,00",,,
GRDN,18.02.2015,"310,00",,,"310,00","0,00",,,
GRDN,19.02.2015,"310,00",,,"310,00","0,00",,,
GRDN,20.02.2015,"310,00",,,"310,00","0,00",,,
GRDN,23.02.2015,"310,00",,,"310,00","0,00",,,
GRDN,24.02.2015,"310,00",,,"310,00","0,00",,,
GRDN,25.02.2015,"310,00",,,"310,00","0,00",,,
GRDN,26.02.2015,"310,00",,,"310,00","0,00",,,
GRDN,27.02.2015,"310,00",,,"310,00","0,00",,,
GRDN,02.03.2015,"310,00",,,"310,00","0,00",,,
GRDN,03.03.2015,"310,00",,,"310,00","0,00",,,
GRDN,04.03.2015,"310,00",,,"310,00","0,00",,,
GRDN,05.03.2015,"310,00",,,"310,00","0,00",,,
GRDN,06.03.2015,"310,00",,,"310,00","0,00",,,
GRDN,09.03.2015,"310,00",,,"310,00","0,00",,,
GRDN,10.03.2015,"310,00",,,"310,00","0,00",,,
GRDN,11.03.2015,"310,00",,,"310,00","0,00",,,
GRDN,12.03.2015,"310,00",,,"310,00","0,00",,,
GRDN,13.03.2015,"310,00",,,"310,00","0,00",,,
GRDN,16.03.2015,"310,00",,,"310,00","0,00",,,
GRDN,17.03.2015,"310,00",,,"310,00","0,00",,,
GRDN,18.03.2015,"310,00",,,"310,00","0,00",,,
GRDN,19.03.2015,"310,00",,,"310,00","0,00",,,
GRDN,20.03.2015,"310,00",,,"310,00","0,00",,,
GRDN,23.03.2015,"310,00",,,"310,00","0,00",,,
GRDN,24.03.2015,"310,00",,,"310,00","0,00",,,
GRDN,25.03.2015,"310,00",,,"310,00","0,00",,,
GRDN,26.03.2015,"310,00",,,"310,00","0,00",,,
GRDN,27.03.2015,"310,00",,,"310,00","0,00",,,
GRDN,30.03.2015,"310,00",,,"310,00","0,00",,,
GRDN,31.03.2015,"310,00",,,"310,00","0,00",,,
GRDN,01.04.2015,"310,00",,,"310,00","0,00",,,
GRDN,02.04.2015,"310,00",,,"310,00","0,00",,,
GRDN,03.04.2015,"310,00",,,"310,00","0,00",,,
GRDN,06.04.2015,"310,00",,,"310,00","0,00",,,
GRDN,07.04.2015,"310,00",,,"310,00","0,00",,,
GRDN,08.04.2015,"310,00",,,"310,00","0,00",,,
GRDN,09.04.2015,"310,00",,,"310,00","0,00",,,
GRDN,14.04.2015,"310,00",,,"310,00","0,00",,,
GRDN,15.04.2015,"310,00",,,"310,00","0,00",,,
GRDN,16.04.2015,"310,00",,,"310,00","0,00",,,
GRDN,17.04.2015,"310,00",,,"310,00","0,00",,,
GRDN,20.04.2015,"310,00",,,"310,00","0,00",,,
GRDN,21.04.2015,"310,00",,,"310,00","0,00",,,
GRDN,22.04.2015,"310,00",,,"310,00","0,00",,,
GRDN,23.04.2015,"310,00",,,"310,00","0,00",,,
GRDN,24.04.2015,"310,00",,,"310,00","0,00",,,
GRDN,27.04.2015,"310,00",,,"310,00","0,00",,,
GRDN,28.04.2015,"310,00",,,"310,00","0,00",,,
GRDN,29.04.2015,"310,00",,,"310,00","0,00",,,
GRDN,30.04.2015,"310,00",,,"310,00","0,00",,,
GRDN,04.05.2015,"310,00",,,"310,00","0,00",,,
GRDN,05.05.2015,"310,00",,,"310,00","0,00",,,
GRDN,06.05.2015,"310,00",,,"310,00","0,00",,,
GRDN,07.05.2015,"310,00",,,"310,00","0,00",,,
GRDN,08.05.2015,"310,00",,,"310,00","0,00",,,
GRDN,11.05.2015,"310,00",,,"310,00","0,00",,,
GRDN,12.05.2015,"310,00",,,"310,00","0,00",,,
GRDN,13.05.2015,"310,00",,,"310,00","0,00",,,
GRDN,14.05.2015,"310,00",,,"310,00","0,00",,,
GRDN,15.05.2015,"310,00",,,"310,00","0,00",,,
GRDN,18.05.2015,"310,00",,,"310,00","0,00",,,
GRDN,19.05.2015,"310,00",,,"310,00","0,00",,,
GRDN,20.05.2015,"310,00",,,"310,00","0,00",,,
GRDN,21.05.2015,"310,00",,,"310,00","0,00",,,
GRDN,22.05.2015,"310,00",,,"310,00","0,00",,,
GRDN,26.05.2015,"310,00",,,"310,00","0,00",,,
GRDN,27.05.2015,"310,00",,,"310,00","0,00",,,
GRDN,28.05.2015,"310,00",,,"310,00","0,00",,,
GRDN,01.06.2015,"310,00",,,"310,00","0,00",,,
GRDN,02.06.2015,"310,00",,,"310,00","0,00",,,
GRDN,03.06.2015,"310,00",,,"310,00","0,00",,,
GRDN,04.06.2015,"310,00",,,"310,00","0,00",,,
GRDN,05.06.2015,"310,00",,,"310,00","0,00",,,
GRDN,08.06.2015,"310,00",,,"310,00","0,00",,,
GRDN,09.06.2015,"310,00",,,"310,00","0,00",,,
GRDN,10.06.2015,"310,00",,,"310,00","0,00",,,
GRDN,11.06.2015,"310,00",,,"310,00","0,00",,,
GRDN,12.06.2015,"310,00",,,"310,00","0,00",,,
GRDN,15.06.2015,"310,00",,,"310,00","0,00",,,
GRDN,16.06.2015,"310,00",,,"310,00","0,00",,,
GRDN,17.06.2015,"310,00",,,"310,00","0,00",,,
GRDN,18.06.2015,"310,00",,,"310,00","0,00",,,
GRDN,19.06.2015,"310,00",,,"310,00","0,00",,,
GRDN,22.06.2015,"310,00",,,"310,00","0,00",,,
GRDN,23.06.2015,"310,00",,,"310,00","0,00",,,
GRDN,24.06.2015,"310,00",,,"310,00","0,00",,,
GRDN,25.06.2015,"310,00",,,"310,00","0,00",,,
GRDN,26.06.2015,"310,00",,,"310,00","0,00",,,
GRDN,29.06.2015,"310,00",,,"310,00","0,00",,,
GRDN,30.06.2015,"310,00",,,"310,00","0,00",,,
GRDN,01.07.2015,"310,00",,,"310,00","0,00",,,
GRDN,02.07.2015,"310,00",,,"310,00","0,00",,,
GRDN,03.07.2015,"310,00",,,"310,00","0,00",,,
GRDN,06.07.2015,"310,00",,,"310,00","0,00",,,
GRDN,07.07.2015,"310,00",,,"310,00","0,00",,,
GRDN,08.07.2015,"310,00",,,"310,00","0,00",,,
GRDN,09.07.2015,"310,00",,,"310,00","0,00",,,
GRDN,10.07.2015,"310,00",,,"310,00","0,00",,,
GRDN,13.07.2015,"310,00",,,"310,00","0,00",,,
GRDN,14.07.2015,"310,00",,,"310,00","0,00",,,
GRDN,15.07.2015,"310,00",,,"310,00","0,00",,,
GRDN,16.07.2015,"310,00",,,"310,00","0,00",,,
GRDN,20.07.2015,"310,00",,,"310,00","0,00",,,
GRDN,21.07.2015,"310,00",,,"310,00","0,00",,,
GRDN,22.07.2015,"310,00",,,"310,00","0,00",,,
GRDN,23.07.2015,"310,00",,,"310,00","0,00",,,
GRDN,24.07.2015,"310,00",,,"310,00","0,00",,,
GRDN,27.07.2015,"310,00",,,"310,00","0,00",,,
GRDN,28.07.2015,"310,00",,,"310,00","0,00",,,
GRDN,29.07.2015,"310,00",,,"310,00","0,00",,,
GRDN,30.07.2015,"310,00",,,"310,00","0,00",,,
GRDN,31.07.2015,"310,00",,,"310,00","0,00",,,
GRDN,04.08.2015,"310,00",,,"310,00","0,00",,,
GRDN,05.08.2015,"310,00",,,"310,00","0,00",,,
GRDN,06.08.2015,"310,00",,,"310,00","0,00",,,
GRDN,07.08.2015,"310,00",,,"310,00","0,00",,,
GRDN,10.08.2015,"310,00",,,"310,00","0,00",,,
GRDN,11.08.2015,"310,00",,,"310,00","0,00",,,
GRDN,12.08.2015,"310,00",,,"310,00","0,00",,,
GRDN,13.08.2015,"310,00",,,"310,00","0,00",,,
GRDN,14.08.2015,"310,00",,,"310,00","0,00",,,
GRDN,17.08.2015,"310,00",,,"310,00","0,00",,,
GRDN,18.08.2015,"310,00",,,"310,00","0,00",,,
GRDN,19.08.2015,"310,00",,,"310,00","0,00",,,
GRDN,20.08.2015,"310,00",,,"310,00","0,00",,,
GRDN,21.08.2015,"310,00",,,"310,00","0,00",,,
GRDN,24.08.2015,"310,00",,,"310,00","0,00",,,
GRDN,25.08.2015,"310,00",,,"310,00","0,00",,,
GRDN,26.08.2015,"310,00",,,"310,00","0,00",,,
GRDN,27.08.2015,"310,00",,,"310,00","0,00",,,
GRDN,31.08.2015,"310,00",,,"310,00","0,00",,,
GRDN,01.09.2015,"310,00",,,"310,00","0,00",,,
GRDN,02.09.2015,"310,00",,,"310,00","0,00",,,
GRDN,03.09.2015,"310,00",,,"310,00","0,00",,,
GRDN,04.09.2015,"310,00",,,"310,00","0,00",,,
GRDN,07.09.2015,"310,00",,,"310,00","0,00",,,
GRDN,09.09.2015,"310,00",,,"310,00","0,00",,,
GRDN,10.09.2015,"310,00",,,"310,00","0,00",,,
GRDN,11.09.2015,"310,00",,,"310,00","0,00",,,
GRDN,14.09.2015,"310,00",,,"310,00","0,00",,,
GRDN,15.09.2015,"310,00",,,"310,00","0,00",,,
GRDN,16.09.2015,"310,00",,,"310,00","0,00",,,
GRDN,17.09.2015,"310,00",,,"310,00","0,00",,,
GRDN,18.09.2015,"310,00",,,"310,00","0,00",,,
GRDN,21.09.2015,"310,00",,,"310,00","0,00",,,
GRDN,22.09.2015,"310,00",,,"310,00","0,00",,,
GRDN,23.09.2015,"310,00",,,"310,00","0,00",,,
GRDN,24.09.2015,"310,00",,,"310,00","0,00",,,
GRDN,25.09.2015,"310,00",,,"310,00","0,00",,,
GRDN,28.09.2015,"310,00",,,"310,00","0,00",,,
GRDN,29.09.2015,"310,00",,,"310,00","0,00",,,
GRDN,30.09.2015,"310,00",,,"310,00","0,00",,,
GRDN,01.10.2015,"310,00",,,"310,00","0,00",,,
GRDN,02.10.2015,"310,00",,,"310,00","0,00",,,
GRDN,05.10.2015,"310,00",,,"310,00","0,00",,,
GRDN,06.10.2015,"310,00",,,"310,00","0,00",,,
GRDN,07.10.2015,"310,00",,,"310,00","0,00",,,
GRDN,08.10.2015,"310,00",,,"310,00","0,00",,,
GRDN,09.10.2015,"310,00",,,"310,00","0,00",,,
GRDN,13.10.2015,"310,00",,,"310,00","0,00",,,
GRDN,14.10.2015,"310,00",,,"310,00","0,00",,,
GRDN,15.10.2015,"310,00",,,"310,00","0,00",,,
GRDN,16.10.2015,"310,00",,,"310,00","0,00",,,
GRDN,19.10.2015,"310,00",,,"310,00","0,00",,,
GRDN,20.10.2015,"310,00",,,"310,00","0,00",,,
GRDN,21.10.2015,"310,00",,,"310,00","0,00",,,
GRDN,22.10.2015,"310,00",,,"310,00","0,00",,,
GRDN,26.10.2015,"310,00",,,"310,00","0,00",,,
GRDN,27.10.2015,"310,00",,,"310,00","0,00",,,
GRDN,28.10.2015,"310,00",,,"310,00","0,00",,,
GRDN,29.10.2015,"310,00",,,"310,00","0,00",,,
GRDN,30.10.2015,"310,00",,,"310,00","0,00",,,
GRDN,02.11.2015,"310,00",,,"310,00","0,00",,,
GRDN,03.11.2015,"310,00",,,"310,00","0,00",,,
GRDN,04.11.2015,"310,00",,,"310,00","0,00",,,
GRDN,05.11.2015,"310,00",,,"310,00","0,00",,,
GRDN,06.11.2015,"310,00",,,"310,00","0,00",,,
GRDN,09.11.2015,"310,00",,,"310,00","0,00",,,
GRDN,10.11.2015,"310,00",,,"310,00","0,00",,,
GRDN,11.11.2015,"310,00",,,"310,00","0,00",,,
GRDN,12.11.2015,"310,00",,,"310,00","0,00",,,
GRDN,13.11.2015,"310,00",,,"310,00","0,00",,,
GRDN,16.11.2015,"310,00",,,"310,00","0,00",,,
GRDN,17.11.2015,"310,00",,,"310,00","0,00",,,
GRDN,18.11.2015,"310,00",,,"310,00","0,00",,,
GRDN,19.11.2015,"310,00",,,"310,00","0,00",,,
GRDN,20.11.2015,"310,00",,,"310,00","0,00",,,
GRDN,23.11.2015,"310,00",,,"310,00","0,00",,,
GRDN,24.11.2015,"310,00",,,"310,00","0,00",,,
GRDN,25.11.2015,"310,00",,,"310,00","0,00",,,
GRDN,26.11.2015,"310,00",,,"310,00","0,00",,,
GRDN,27.11.2015,"310,00",,,"310,00","0,00",,,
GRDN,30.11.2015,"310,00",,,"310,00","0,00",,,
GRDN,01.12.2015,"310,00",,,"310,00","0,00",,,
GRDN,03.12.2015,"310,00",,,"310,00","0,00",,,
GRDN,04.12.2015,"310,00",,,"310,00","0,00",,,
GRDN,07.12.2015,"310,00",,,"310,00","0,00",,,
GRDN,09.12.2015,"310,00",,,"310,00","0,00",,,
GRDN,10.12.2015,"310,00",,,"310,00","0,00",,,
GRDN,11.12.2015,"310,00",,,"310,00","0,00",,,
GRDN,14.12.2015,"310,00",,,"310,00","0,00",,,
GRDN,15.12.2015,"310,00",,,"310,00","0,00",,,
GRDN,16.12.2015,"310,00",,,"310,00","0,00",,,
GRDN,17.12.2015,"310,00",,,"310,00","0,00",,,
GRDN,18.12.2015,"310,00",,,"310,00","0,00",,,
GRDN,21.12.2015,"310,00",,,"310,00","0,00",,,
GRDN,22.12.2015,"310,00",,,"310,00","0,00",,,
GRDN,23.12.2015,"310,00",,,"310,00","0,00",,,
GRDN,24.12.2015,"310,00",,,"310,00","0,00",,,
GRDN,25.12.2015,"310,00",,,"310,00","0,00",,,
GRDN,28.12.2015,"310,00",,,"310,00","0,00",,,
GRDN,29.12.2015,"310,00",,,"310,00","0,00",,,
GRDN,09.05.2018,"310,00","310,00","310,00","310,00","0,00",1.625,503.75,503.75
GRDN,10.05.2018,"310,00",,,"310,00","0,00",,,
GRDN,11.05.2018,"310,00",,,"310,00","0,00",,,
GRDN,14.05.2018,"310,00",,,"310,00","0,00",,,
GRDN,15.05.2018,"310,00",,,"310,00","0,00",,,
GRDN,16.05.2018,"310,00",,,"310,00","0,00",,,
GRDN,17.05.2018,"310,00",,,"310,00","0,00",,,
GRDN,18.05.2018,"310,00",,,"310,00","0,00",,,
GRDN,21.05.2018,"310,00",,,"310,00","0,00",,,
GRDN,22.05.2018,"310,00",,,"310,00","0,00",,,
GRDN,23.05.2018,"310,00",,,"310,00","0,00",,,
GRDN,28.05.2018,"310,00",,,"310,00","0,00",,,
GRDN,29.05.2018,"310,00",,,"310,00","0,00",,,
GRDN,30.05.2018,"310,00",,,"310,00","0,00",,,
GRDN,31.05.2018,"310,00",,,"310,00","0,00",,,
GRDN,01.06.2018,"310,00",,,"310,00","0,00",,,
GRDN,04.06.2018,"310,00",,,"310,00","0,00",,,
GRDN,05.06.2018,"310,00",,,"310,00","0,00",,,
GRDN,06.06.2018,"310,00",,,"310,00","0,00",,,
GRDN,07.06.2018,"310,00",,,"310,00","0,00",,,
GRDN,08.06.2018,"310,00",,,"310,00","0,00",,,
GRDN,11.06.2018,"310,00",,,"310,00","0,00",,,
GRDN,12.06.2018,"310,00",,,"310,00","0,00",,,
GRDN,13.06.2018,"310,00",,,"310,00","0,00",,,
GRDN,14.06.2018,"310,00",,,"310,00","0,00",,,
GRDN,18.06.2018,"310,00",,,"310,00","0,00",,,
GRDN,19.06.2018,"310,00",,,"310,00","0,00",,,
GRDN,20.06.2018,"310,00",,,"310,00","0,00",,,
GRDN,21.06.2018,"310,00",,,"310,00","0,00",,,
GRDN,22.06.2018,"310,00",,,"310,00","0,00",,,
GRDN,25.06.2018,"310,00",,,"310,00","0,00",,,
GRDN,26.06.2018,"310,00",,,"310,00","0,00",,,
GRDN,27.06.2018,"310,00",,,"310,00","0,00",,,
GRDN,28.06.2018,"310,00",,,"310,00","0,00",,,
GRDN,29.06.2018,"310,00",,,"310,00","0,00",,,
GRDN,02.07.2018,"310,00",,,"310,00","0,00",,,
GRDN,03.07.2018,"310,00",,,"310,00","0,00",,,
GRDN,04.07.2018,"310,00",,,"310,00","0,00",,,
GRDN,05.07.2018,"310,00",,,"310,00","0,00",,,
GRDN,06.07.2018,"310,00",,,"310,00","0,00",,,
GRDN,09.07.2018,"310,00",,,"310,00","0,00",,,
GRDN,10.07.2018,"310,00",,,"310,00","0,00",,,
GRDN,11.07.2018,"310,00",,,"310,00","0,00",,,
GRDN,12.07.2018,"310,00",,,"310,00","0,00",,,
GRDN,13.07.2018,"310,00",,,"310,00","0,00",,,
GRDN,16.07.2018,"310,00",,,"310,00","0,00",,,
GRDN,17.07.2018,"310,00",,,"310,00","0,00",,,
GRDN,18.07.2018,"310,00",,,"310,00","0,00",,,
GRDN,19.07.2018,"310,00",,,"310,00","0,00",,,
GRDN,20.07.2018,"310,00",,,"310,00","0,00",,,
GRDN,23.07.2018,"310,00",,,"310,00","0,00",,,
GRDN,24.07.2018,"310,00",,,"310,00","0,00",,,
GRDN,25.07.2018,"310,00",,,"310,00","0,00",,,
GRDN,26.07.2018,"310,00",,,"310,00","0,00",,,
GRDN,27.07.2018,"310,00",,,"310,00","0,00",,,
GRDN,30.07.2018,"310,00",,,"310,00","0,00",,,
GRDN,31.07.2018,"310,00",,,"310,00","0,00",,,
GRDN,01.08.2018,"310,00",,,"310,00","0,00",,,
GRDN,03.08.2018,"310,00",,,"310,00","0,00",,,
GRDN,06.08.2018,"310,00",,,"310,00","0,00",,,
GRDN,07.08.2018,"310,00",,,"310,00","0,00",,,
GRDN,08.08.2018,"310,00",,,"310,00","0,00",,,
GRDN,09.08.2018,"310,00",,,"310,00","0,00",,,
GRDN,10.08.2018,"310,00",,,"310,00","0,00",,,
GRDN,13.08.2018,"310,00",,,"310,00","0,00",,,
GRDN,14.08.2018,"310,00",,,"310,00","0,00",,,
GRDN,15.08.2018,"310,00",,,"310,00","0,00",,,
GRDN,16.08.2018,"310,00",,,"310,00","0,00",,,
GRDN,17.08.2018,"310,00",,,"310,00","0,00",,,
GRDN,20.08.2018,"310,00",,,"310,00","0,00",,,
GRDN,21.08.2018,"310,00",,,"310,00","0,00",,,
GRDN,22.08.2018,"310,00",,,"310,00","0,00",,,
GRDN,23.08.2018,"310,00",,,"310,00","0,00",,,
GRDN,24.08.2018,"310,00",,,"310,00","0,00",,,
GRDN,27.08.2018,"310,00",,,"310,00","0,00",,,
GRDN,29.08.2018,"310,00",,,"310,00","0,00",,,
GRDN,30.08.2018,"310,00",,,"310,00","0,00",,,
GRDN,31.08.2018,"310,00",,,"310,00","0,00",,,
GRDN,03.09.2018,"310,00",,,"310,00","0,00",,,
GRDN,04.09.2018,"310,00",,,"310,00","0,00",,,
GRDN,05.09.2018,"310,00",,,"310,00","0,00",,,
GRDN,06.09.2018,"310,00",,,"310,00","0,00",,,
GRDN,07.09.2018,"310,00",,,"310,00","0,00",,,
GRDN,10.09.2018,"310,00",,,"310,00","0,00",,,
GRDN,11.09.2018,"310,00",,,"310,00","0,00",,,
GRDN,12.09.2018,"310,00",,,"310,00","0,00",,,
GRDN,13.09.2018,"310,00",,,"310,00","0,00",,,
GRDN,14.09.2018,"310,00",,,"310,00","0,00",,,
GRDN,17.09.2018,"310,00",,,"310,00","0,00",,,
GRDN,18.09.2018,"310,00",,,"310,00","0,00",,,
GRDN,19.09.2018,"310,00",,,"310,00","0,00",,,
GRDN,20.09.2018,"310,00",,,"310,00","0,00",,,
GRDN,21.09.2018,"310,00",,,"310,00","0,00",,,
GRDN,24.09.2018,"310,00",,,"310,00","0,00",,,
GRDN,25.09.2018,"310,00",,,"310,00","0,00",,,
GRDN,26.09.2018,"310,00",,,"310,00","0,00",,,
GRDN,27.09.2018,"310,00",,,"310,00","0,00",,,
GRDN,28.09.2018,"310,00",,,"310,00","0,00",,,
GRDN,01.10.2018,"310,00",,,"310,00","0,00",,,
GRDN,02.10.2018,"310,00",,,"310,00","0,00",,,
GRDN,03.10.2018,"310,00",,,"310,00","0,00",,,
GRDN,04.10.2018,"310,00",,,"310,00","0,00",,,
GRDN,05.10.2018,"310,00",,,"310,00","0,00",,,
GRDN,08.10.2018,"310,00",,,"310,00","0,00",,,
GRDN,09.10.2018,"310,00",,,"310,00","0,00",,,
GRDN,10.10.2018,"310,00",,,"310,00","0,00",,,
GRDN,12.10.2018,"310,00",,,"310,00","0,00",,,
GRDN,15.10.2018,"310,00",,,"310,00","0,00",,,
GRDN,16.10.2018,"310,00",,,"310,00","0,00",,,
GRDN,17.10.2018,"310,00",,,"310,00","0,00",,,
GRDN,18.10.2018,"310,00",,,"310,00","0,00",,,
GRDN,19.10.2018,"310,00",,,"310,00","0,00",,,
GRDN,22.10.2018,"310,00",,,"310,00","0,00",,,
GRDN,24.10.2018,"310,00",,,"310,00","0,00",,,
GRDN,25.10.2018,"310,00",,,"310,00","0,00",,,
GRDN,26.10.2018,"310,00",,,"310,00","0,00",,,
GRDN,29.10.2018,"310,00",,,"310,00","0,00",,,
GRDN,30.10.2018,"310,00",,,"310,00","0,00",,,
GRDN,31.10.2018,"310,00",,,"310,00","0,00",,,
GRDN,01.11.2018,"310,00",,,"310,00","0,00",,,
GRDN,02.11.2018,"310,00",,,"310,00","0,00",,,
GRDN,05.11.2018,"310,00",,,"310,00","0,00",,,
GRDN,06.11.2018,"310,00",,,"310,00","0,00",,,
GRDN,07.11.2018,"310,00",,,"310,00","0,00",,,
GRDN,08.11.2018,"310,00",,,"310,00","0,00",,,
GRDN,09.11.2018,"310,00",,,"310,00","0,00",,,
GRDN,12.11.2018,"310,00",,,"310,00","0,00",,,
GRDN,13.11.2018,"310,00",,,"310,00","0,00",,,
GRDN,14.11.2018,"310,00",,,"310,00","0,00",,,
GRDN,15.11.2018,"310,00",,,"310,00","0,00",,,
GRDN,16.11.2018,"310,00",,,"310,00","0,00",,,
GRDN,19.11.2018,"310,00",,,"310,00","0,00",,,
GRDN,20.11.2018,"310,00",,,"310,00","0,00",,,
GRDN,21.11.2018,"310,00",,,"310,00","0,00",,,
GRDN,22.11.2018,"310,00",,,"310,00","0,00",,,
GRDN,23.11.2018,"310,00",,,"310,00","0,00",,,
GRDN,26.11.2018,"310,00",,,"310,00","0,00",,,
GRDN,27.11.2018,"310,00",,,"310,00","0,00",,,
GRDN,28.11.2018,"310,00",,,"310,00","0,00",,,
GRDN,29.11.2018,"310,00",,,"310,00","0,00",,,
GRDN,30.11.2018,"310,00",,,"310,00","0,00",,,
GRDN,03.12.2018,"310,00",,,"310,00","0,00",,,
GRDN,04.12.2018,"310,00",,,"310,00","0,00",,,
GRDN,05.12.2018,"310,00",,,"310,00","0,00",,,
GRDN,06.12.2018,"310,00",,,"310,00","0,00",,,
GRDN,07.12.2018,"310,00",,,"310,00","0,00",,,
GRDN,10.12.2018,"310,00",,,"310,00","0,00",,,
GRDN,11.12.2018,"310,00",,,"310,00","0,00",,,
GRDN,12.12.2018,"310,00",,,"310,00","0,00",,,
GRDN,13.12.2018,"310,00",,,"310,00","0,00",,,
GRDN,14.12.2018,"310,00",,,"310,00","0,00",,,
GRDN,17.12.2018,"310,00",,,"310,00","0,00",,,
GRDN,18.12.2018,"310,00",,,"310,00","0,00",,,
GRDN,19.12.2018,"310,00",,,"310,00","0,00",,,
GRDN,20.12.2018,"310,00",,,"310,00","0,00",,,
GRDN,21.12.2018,"310,00",,,"310,00","0,00",,,
GRDN,24.12.2018,"310,00",,,"310,00","0,00",,,
GRDN,25.12.2018,"310,00",,,"310,00","0,00",,,
GRDN,26.12.2018,"310,00",,,"310,00","0,00",,,
GRDN,27.12.2018,"310,00",,,"310,00","0,00",,,
GRDN,28.12.2018,"310,00",,,"310,00","0,00",,,
GRDN,02.01.2019,"310,00",,,"310,00","0,00",,,
GRDN,03.01.2019,"310,00",,,"310,00","0,00",,,
GRDN,04.01.2019,"310,00",,,"310,00","0,00",,,
GRDN,08.01.2019,"310,00",,,"310,00","0,00",,,
GRDN,09.01.2019,"310,00",,,"310,00","0,00",,,
GRDN,10.01.2019,"310,00",,,"310,00","0,00",,,
GRDN,11.01.2019,"310,00",,,"310,00","0,00",,,
GRDN,14.01.2019,"310,00",,,"310,00","0,00",,,
GRDN,15.01.2019,"310,00",,,"310,00","0,00",,,
GRDN,16.01.2019,"310,00",,,"310,00","0,00",,,
GRDN,17.01.2019,"310,00",,,"310,00","0,00",,,
GRDN,18.01.2019,"310,00",,,"310,00","0,00",,,
GRDN,21.01.2019,"310,00",,,"310,00","0,00",,,
GRDN,22.01.2019,"310,00",,,"310,00","0,00",,,
GRDN,23.01.2019,"310,00",,,"310,00","0,00",,,
GRDN,24.01.2019,"310,00",,,"310,00","0,00",,,
GRDN,25.01.2019,"310,00",,,"310,00","0,00",,,
GRDN,28.01.2019,"310,00",,,"310,00","0,00",,,
GRDN,29.01.2019,"310,00",,,"310,00","0,00",,,
GRDN,30.01.2019,"310,00",,,"310,00","0,00",,,
GRDN,31.01.2019,"310,00",,,"310,00","0,00",,,
GRDN,01.02.2019,"310,00",,,"310,00","0,00",,,
GRDN,04.02.2019,"310,00",,,"310,00","0,00",,,
GRDN,05.02.2019,"310,00",,,"310,00","0,00",,,
GRDN,06.02.2019,"310,00",,,"310,00","0,00",,,
GRDN,07.02.2019,"310,00",,,"310,00","0,00",,,
GRDN,08.02.2019,"310,00",,,"310,00","0,00",,,
GRDN,11.02.2019,"310,00",,,"310,00","0,00",,,
GRDN,12.02.2019,"310,00",,,"310,00","0,00",,,
GRDN,13.02.2019,"310,00",,,"310,00","0,00",,,
GRDN,14.02.2019,"310,00",,,"310,00","0,00",,,
GRDN,15.02.2019,"310,00",,,"310,00","0,00",,,
GRDN,18.02.2019,"310,00",,,"310,00","0,00",,,
GRDN,19.02.2019,"310,00",,,"310,00","0,00",,,
GRDN,20.02.2019,"310,00",,,"310,00","0,00",,,
GRDN,21.02.2019,"310,00",,,"310,00","0,00",,,
GRDN,22.02.2019,"310,00",,,"310,00","0,00",,,
GRDN,25.02.2019,"310,00",,,"310,00","0,00",,,
GRDN,26.02.2019,"310,00",,,"310,00","0,00",,,
GRDN,27.02.2019,"310,00",,,"310,00","0,00",,,
GRDN,28.02.2019,"310,00",,,"310,00","0,00",,,
GRDN,01.03.2019,"310,00",,,"310,00","0,00",,,
GRDN,04.03.2019,"310,00",,,"310,00","0,00",,,
GRDN,05.03.2019,"310,00",,,"310,00","0,00",,,
GRDN,06.03.2019,"310,00",,,"310,00","0,00",,,
GRDN,07.03.2019,"310,00",,,"310,00","0,00",,,
GRDN,08.03.2019,"310,00",,,"310,00","0,00",,,
GRDN,11.03.2019,"310,00",,,"310,00","0,00",,,
GRDN,12.03.2019,"310,00",,,"310,00","0,00",,,
GRDN,13.03.2019,"310,00",,,"310,00","0,00",,,
GRDN,14.03.2019,"310,00",,,"310,00","0,00",,,
GRDN,15.03.2019,"310,00",,,"310,00","0,00",,,
GRDN,18.03.2019,"310,00",,,"310,00","0,00",,,
GRDN,19.03.2019,"310,00",,,"310,00","0,00",,,
GRDN,20.03.2019,"310,00",,,"310,00","0,00",,,
GRDN,21.03.2019,"310,00",,,"310,00","0,00",,,
GRDN,22.03.2019,"310,00",,,"310,00","0,00",,,
GRDN,25.03.2019,"310,00",,,"310,00","0,00",,,
GRDN,26.03.2019,"310,00",,,"310,00","0,00",,,
GRDN,27.03.2019,"310,00",,,"310,00","0,00",,,
GRDN,28.03.2019,"310,00",,,"310,00","0,00",,,
GRDN,29.03.2019,"310,00",,,"310,00","0,00",,,
GRDN,01.04.2019,"310,00",,,"310,00","0,00",,,
GRDN,02.04.2019,"310,00",,,"310,00","0,00",,,
GRDN,03.04.2019,"310,00",,,"310,00","0,00",,,
GRDN,04.04.2019,"310,00",,,"310,00","0,00",,,
GRDN,05.04.2019,"310,00",,,"310,00","0,00",,,
GRDN,08.04.2019,"310,00",,,"310,00","0,00",,,
GRDN,09.04.2019,"310,00",,,"310,00","0,00",,,
GRDN,10.04.2019,"310,00",,,"310,00","0,00",,,
GRDN,11.04.2019,"310,00",,,"310,00","0,00",,,
GRDN,12.04.2019,"310,00",,,"310,00","0,00",,,
GRDN,15.04.2019,"310,00",,,"310,00","0,00",,,
GRDN,16.04.2019,"310,00",,,"310,00","0,00",,,
GRDN,17.04.2019,"310,00",,,"310,00","0,00",,,
GRDN,18.04.2019,"310,00",,,"310,00","0,00",,,
GRDN,19.04.2019,"310,00",,,"310,00","0,00",,,
GRDN,22.04.2019,"310,00",,,"310,00","0,00",,,
GRDN,23.04.2019,"310,00",,,"310,00","0,00",,,
GRDN,24.04.2019,"310,00",,,"310,00","0,00",,,
GRDN,25.04.2019,"310,00",,,"310,00","0,00",,,
GRDN,30.04.2019,"310,00",,,"310,00","0,00",,,
GRDN,02.05.2019,"310,00",,,"310,00","0,00",,,
GRDN,03.05.2019,"310,00",,,"310,00","0,00",,,
GRDN,06.05.2019,"310,00",,,"310,00","0,00",,,
GRDN,07.05.2019,"310,00",,,"310,00","0,00",,,
GRDN,08.05.2019,"310,00",,,"310,00","0,00",,,
GRDN,09.05.2019,"310,00",,,"310,00","0,00",,,
GRDN,10.05.2019,"310,00",,,"310,00","0,00",,,
GRDN,13.05.2019,"310,00",,,"310,00","0,00",,,
GRDN,14.05.2019,"310,00",,,"310,00","0,00",,,
GRDN,15.05.2019,"310,00",,,"310,00","0,00",,,
GRDN,16.05.2019,"310,00",,,"310,00","0,00",,,
GRDN,17.05.2019,"310,00",,,"310,00","0,00",,,
GRDN,20.05.2019,"310,00",,,"310,00","0,00",,,
GRDN,21.05.2019,"310,00",,,"310,00","0,00",,,
GRDN,22.05.2019,"310,00",,,"310,00","0,00",,,
GRDN,23.05.2019,"310,00",,,"310,00","0,00",,,
GRDN,27.05.2019,"310,00",,,"310,00","0,00",,,
GRDN,28.05.2019,"310,00",,,"310,00","0,00",,,
GRDN,29.05.2019,"310,00",,,"310,00","0,00",,,
GRDN,30.05.2019,"310,00",,,"310,00","0,00",,,
GRDN,31.05.2019,"310,00",,,"310,00","0,00",,,
GRDN,03.06.2019,"310,00",,,"310,00","0,00",,,
GRDN,05.06.2019,"310,00",,,"310,00","0,00",,,
GRDN,06.06.2019,"310,00",,,"310,00","0,00",,,
GRDN,07.06.2019,"310,00",,,"310,00","0,00",,,
GRDN,10.06.2019,"310,00",,,"310,00","0,00",,,
GRDN,11.06.2019,"310,00",,,"310,00","0,00",,,
GRDN,12.06.2019,"310,00",,,"310,00","0,00",,,
GRDN,13.06.2019,"310,00",,,"310,00","0,00",,,
GRDN,17.06.2019,"310,00",,,"310,00","0,00",,,
GRDN,18.06.2019,"310,00",,,"310,00","0,00",,,
GRDN,19.06.2019,"310,00",,,"310,00","0,00",,,
GRDN,20.06.2019,"310,00",,,"310,00","0,00",,,
GRDN,21.06.2019,"310,00",,,"310,00","0,00",,,
GRDN,24.06.2019,"310,00",,,"310,00","0,00",,,
GRDN,25.06.2019,"310,00",,,"310,00","0,00",,,
GRDN,26.06.2019,"310,00",,,"310,00","0,00",,,
GRDN,27.06.2019,"310,00",,,"310,00","0,00",,,
GRDN,28.06.2019,"310,00",,,"310,00","0,00",,,
GRDN,01.07.2019,"310,00",,,"310,00","0,00",,,
GRDN,02.07.2019,"310,00",,,"310,00","0,00",,,
GRDN,03.07.2019,"310,00",,,"310,00","0,00",,,
GRDN,04.07.2019,"310,00",,,"310,00","0,00",,,
GRDN,05.07.2019,"310,00",,,"310,00","0,00",,,
GRDN,08.07.2019,"310,00",,,"310,00","0,00",,,
GRDN,09.07.2019,"310,00",,,"310,00","0,00",,,
GRDN,10.07.2019,"310,00",,,"310,00","0,00",,,
GRDN,11.07.2019,"310,00",,,"310,00","0,00",,,
GRDN,12.07.2019,"310,00",,,"310,00","0,00",,,
GRDN,15.07.2019,"310,00",,,"310,00","0,00",,,
GRDN,16.07.2019,"310,00",,,"310,00","0,00",,,
GRDN,17.07.2019,"310,00",,,"310,00","0,00",,,
GRDN,18.07.2019,"310,00",,,"310,00","0,00",,,
GRDN,19.07.2019,"310,00",,,"310,00","0,00",,,
GRDN,22.07.2019,"310,00",,,"310,00","0,00",,,
GRDN,23.07.2019,"310,00",,,"310,00","0,00",,,
GRDN,24.07.2019,"310,00",,,"310,00","0,00",,,
GRDN,25.07.2019,"310,00",,,"310,00","0,00",,,
GRDN,26.07.2019,"310,00",,,"310,00","0,00",,,
GRDN,29.07.2019,"310,00",,,"310,00","0,00",,,
GRDN,30.07.2019,"310,00",,,"310,00","0,00",,,
GRDN,31.07.2019,"310,00",,,"310,00","0,00",,,
GRDN,01.08.2019,"310,00",,,"310,00","0,00",,,
GRDN,05.08.2019,"310,00",,,"310,00","0,00",,,
GRDN,06.08.2019,"310,00",,,"310,00","0,00",,,
GRDN,07.08.2019,"310,00",,,"310,00","0,00",,,
GRDN,08.08.2019,"310,00",,,"310,00","0,00",,,
GRDN,09.08.2019,"310,00",,,"310,00","0,00",,,
GRDN,12.08.2019,"310,00",,,"310,00","0,00",,,
GRDN,13.08.2019,"310,00",,,"310,00","0,00",,,
GRDN,14.08.2019,"310,00",,,"310,00","0,00",,,
GRDN,15.08.2019,"310,00",,,"310,00","0,00",,,
GRDN,16.08.2019,"310,00",,,"310,00","0,00",,,
GRDN,19.08.2019,"310,00",,,"310,00","0,00",,,
GRDN,20.08.2019,"310,00",,,"310,00","0,00",,,
GRDN,21.08.2019,"310,00",,,"310,00","0,00",,,
GRDN,22.08.2019,"310,00",,,"310,00","0,00",,,
GRDN,23.08.2019,"310,00",,,"310,00","0,00",,,
GRDN,26.08.2019,"310,00",,,"310,00","0,00",,,
GRDN,27.08.2019,"310,00",,,"310,00","0,00",,,
GRDN,29.08.2019,"310,00",,,"310,00","0,00",,,
GRDN,30.08.2019,"310,00",,,"310,00","0,00",,,
GRDN,02.09.2019,"310,00",,,"310,00","0,00",,,
GRDN,03.09.2019,"310,00",,,"310,00","0,00",,,
GRDN,04.09.2019,"310,00",,,"310,00","0,00",,,
GRDN,05.09.2019,"310,00",,,"310,00","0,00",,,
GRDN,06.09.2019,"310,00",,,"310,00","0,00",,,
GRDN,10.09.2019,"310,00",,,"310,00","0,00",,,
GRDN,11.09.2019,"310,00",,,"310,00","0,00",,,
GRDN,12.09.2019,"310,00",,,"310,00","0,00",,,
GRDN,13.09.2019,"310,00",,,"310,00","0,00",,,
GRDN,16.09.2019,"310,00",,,"310,00","0,00",,,
GRDN,17.09.2019,"310,00",,,"310,00","0,00",,,
GRDN,18.09.2019,"310,00",,,"310,00","0,00",,,
GRDN,19.09.2019,"310,00",,,"310,00","0,00",,,
GRDN,20.09.2019,"310,00",,,"310,00","0,00",,,
GRDN,23.09.2019,"310,00",,,"310,00","0,00",,,
GRDN,24.09.2019,"310,00",,,"310,00","0,00",,,
GRDN,25.09.2019,"310,00",,,"310,00","0,00",,,
GRDN,26.09.2019,"310,00",,,"310,00","0,00",,,
GRDN,27.09.2019,"310,00",,,"310,00","0,00",,,
GRDN,30.09.2019,"310,00",,,"310,00","0,00",,,
GRDN,01.10.2019,"310,00",,,"310,00","0,00",,,
GRDN,02.10.2019,"310,00",,,"310,00","0,00",,,
GRDN,03.10.2019,"310,00",,,"310,00","0,00",,,
GRDN,04.10.2019,"310,00",,,"310,00","0,00",,,
GRDN,07.10.2019,"310,00",,,"310,00","0,00",,,
GRDN,08.10.2019,"310,00",,,"310,00","0,00",,,
GRDN,09.10.2019,"310,00",,,"310,00","0,00",,,
GRDN,10.10.2019,"310,00",,,"310,00","0,00",,,
GRDN,14.10.2019,"310,00",,,"310,00","0,00",,,
GRDN,15.10.2019,"310,00",,,"310,00","0,00",,,
GRDN,16.10.2019,"310,00",,,"310,00","0,00",,,
GRDN,17.10.2019,"310,00",,,"310,00","0,00",,,
GRDN,18.10.2019,"310,00",,,"310,00","0,00",,,
GRDN,21.10.2019,"310,00",,,"310,00","0,00",,,
GRDN,22.10.2019,"310,00",,,"310,00","0,00",,,
GRDN,24.10.2019,"310,00",,,"310,00","0,00",,,
GRDN,25.10.2019,"310,00",,,"310,00","0,00",,,
GRDN,28.10.2019,"310,00",,,"310,00","0,00",,,
GRDN,29.10.2019,"310,00",,,"310,00","0,00",,,
GRDN,30.10.2019,"310,00",,,"310,00","0,00",,,
GRDN,31.10.2019,"310,00",,,"310,00","0,00",,,
GRDN,01.11.2019,"310,00",,,"310,00","0,00",,,
GRDN,04.11.2019,"310,00",,,"310,00","0,00",,,
GRDN,05.11.2019,"310,00",,,"310,00","0,00",,,
GRDN,06.11.2019,"310,00",,,"310,00","0,00",,,
GRDN,07.11.2019,"310,00",,,"310,00","0,00",,,
GRDN,08.11.2019,"310,00",,,"310,00","0,00",,,
GRDN,11.11.2019,"310,00",,,"310,00","0,00",,,
GRDN,12.11.2019,"310,00",,,"310,00","0,00",,,
GRDN,13.11.2019,"310,00",,,"310,00","0,00",,,
GRDN,14.11.2019,"310,00",,,"310,00","0,00",,,
GRDN,15.11.2019,"310,00",,,"310,00","0,00",,,
GRDN,18.11.2019,"310,00",,,"310,00","0,00",,,
GRDN,19.11.2019,"310,00",,,"310,00","0,00",,,
GRDN,20.11.2019,"310,00",,,"310,00","0,00",,,
GRDN,21.11.2019,"310,00",,,"310,00","0,00",,,
GRDN,22.11.2019,"310,00",,,"310,00","0,00",,,
GRDN,25.11.2019,"310,00",,,"310,00","0,00",,,
GRDN,26.11.2019,"310,00",,,"310,00","0,00",,,
GRDN,27.11.2019,"310,00",,,"310,00","0,00",,,
GRDN,28.11.2019,"310,00",,,"310,00","0,00",,,
GRDN,29.11.2019,"310,00",,,"310,00","0,00",,,
GRDN,02.12.2019,"310,00",,,"310,00","0,00",,,
GRDN,03.12.2019,"310,00",,,"310,00","0,00",,,
GRDN,04.12.2019,"310,00",,,"310,00","0,00",,,
GRDN,05.12.2019,"310,00",,,"310,00","0,00",,,
GRDN,06.12.2019,"310,00",,,"310,00","0,00",,,
GRDN,10.12.2019,"310,00",,,"310,00","0,00",,,
GRDN,11.12.2019,"310,00",,,"310,00","0,00",,,
GRDN,12.12.2019,"310,00",,,"310,00","0,00",,,
GRDN,13.12.2019,"310,00",,,"310,00","0,00",,,
GRDN,16.12.2019,"310,00",,,"310,00","0,00",,,
GRDN,17.12.2019,"310,00",,,"310,00","0,00",,,
GRDN,18.12.2019,"310,00",,,"310,00","0,00",,,
GRDN,19.12.2019,"310,00",,,"310,00","0,00",,,
GRDN,20.12.2019,"310,00",,,"310,00","0,00",,,
GRDN,23.12.2019,"310,00",,,"310,00","0,00",,,
GRDN,24.12.2019,"310,00",,,"310,00","0,00",,,
GRDN,25.12.2019,"310,00",,,"310,00","0,00",,,
GRDN,26.12.2019,"310,00",,,"310,00","0,00",,,
GRDN,27.12.2019,"310,00",,,"310,00","0,00",,,
GRDN,30.12.2019,"310,00",,,"310,00","0,00",,,
GRDN,02.01.2020,"310,00",,,"310,00","0,00",,,
GRDN,17.02.2021,"310,00",,,"310,00","0,00",,,
GRDN,18.02.2021,"310,00",,,"310,00","0,00",,,
GRDN,19.02.2021,"310,00",,,"310,00","0,00",,,
GRDN,22.02.2021,"310,00",,,"310,00","0,00",,,
GRDN,23.02.2021,"310,00",,,"310,00","0,00",,,
GRDN,24.02.2021,"310,00",,,"310,00","0,00",,,
GRDN,25.02.2021,"310,00",,,"310,00","0,00",,,
GRDN,26.02.2021,"310,00",,,"310,00","0,00",,,
GRDN,01.03.2021,"310,00",,,"310,00","0,00",,,
GRDN,02.03.2021,"310,00",,,"310,00","0,00",,,
GRDN,03.03.2021,"310,00",,,"310,00","0,00",,,
GRDN,04.03.2021,"310,00",,,"310,00","0,00",,,
GRDN,05.03.2021,"310,00",,,"310,00","0,00",,,
GRDN,08.03.2021,"310,00",,,"310,00","0,00",,,
GRDN,09.03.2021,"310,00",,,"310,00","0,00",,,
GRDN,10.03.2021,"310,00",,,"310,00","0,00",,,
GRDN,11.03.2021,"310,00",,,"310,00","0,00",,,
GRDN,12.03.2021,"310,00",,,"310,00","0,00",,,
GRDN,15.03.2021,"310,00",,,"310,00","0,00",,,
GRDN,16.03.2021,"310,00",,,"310,00","0,00",,,
GRDN,17.03.2021,"310,00",,,"310,00","0,00",,,
GRDN,18.03.2021,"310,00",,,"310,00","0,00",,,
GRDN,19.03.2021,"310,00",,,"310,00","0,00",,,
GRDN,22.03.2021,"310,00",,,"310,00","0,00",,,
GRDN,23.03.2021,"310,00",,,"310,00","0,00",,,
GRDN,24.03.2021,"310,00",,,"310,00","0,00",,,
GRDN,25.03.2021,"310,00",,,"310,00","0,00",,,
GRDN,26.03.2021,"310,00",,,"310,00","0,00",,,
GRDN,29.03.2021,"310,00",,,"310,00","0,00",,,
GRDN,30.03.2021,"310,00",,,"310,00","0,00",,,
GRDN,31.03.2021,"310,00",,,"310,00","0,00",,,
GRDN,01.04.2021,"310,00",,,"310,00","0,00",,,
GRDN,02.04.2021,"310,00",,,"310,00","0,00",,,
GRDN,05.04.2021,"310,00",,,"310,00","0,00",,,
GRDN,06.04.2021,"310,00",,,"310,00","0,00",,,
GRDN,07.04.2021,"310,00",,,"310,00","0,00",,,
GRDN,08.04.2021,"310,00",,,"310,00","0,00",,,
GRDN,09.04.2021,"310,00",,,"310,00","0,00",,,
GRDN,12.04.2021,"310,00",,,"310,00","0,00",,,
GRDN,13.04.2021,"310,00",,,"310,00","0,00",,,
GRDN,14.04.2021,"310,00",,,"310,00","0,00",,,
GRDN,15.04.2021,"310,00",,,"310,00","0,00",,,
GRDN,16.04.2021,"310,00",,,"310,00","0,00",,,
GRDN,19.04.2021,"310,00",,,"310,00","0,00",,,
GRDN,20.04.2021,"310,00",,,"310,00","0,00",,,
GRDN,21.04.2021,"310,00",,,"310,00","0,00",,,
GRDN,22.04.2021,"310,00",,,"310,00","0,00",,,
GRDN,23.04.2021,"310,00",,,"310,00","0,00",,,
GRDN,26.04.2021,"310,00",,,"310,00","0,00",,,
GRDN,27.04.2021,"310,00",,,"310,00","0,00",,,
GRDN,28.04.2021,"310,00",,,"310,00","0,00",,,
GRDN,29.04.2021,"310,00",,,"310,00","0,00",,,
GRDN,04.05.2021,"310,00",,,"310,00","0,00",,,
GRDN,05.05.2021,"310,00",,,"310,00","0,00",,,
GRDN,06.05.2021,"310,00",,,"310,00","0,00",,,
GRDN,07.05.2021,"310,00",,,"310,00","0,00",,,
GRDN,10.05.2021,"310,00",,,"310,00","0,00",,,
GRDN,11.05.2021,"310,00",,,"310,00","0,00",,,
GRDN,12.05.2021,"310,00",,,"310,00","0,00",,,
GRDN,14.05.2021,"310,00",,,"310,00","0,00",,,
GRDN,17.05.2021,"310,00",,,"310,00","0,00",,,
GRDN,18.05.2021,"310,00",,,"310,00","0,00",,,
GRDN,19.05.2021,"310,00",,,"310,00","0,00",,,
GRDN,20.05.2021,"310,00",,,"310,00","0,00",,,
GRDN,21.05.2021,"310,00",,,"310,00","0,00",,,
GRDN,25.05.2021,"310,00",,,"310,00","0,00",,,
GRDN,26.05.2021,"310,00",,,"310,00","0,00",,,
GRDN,27.05.2021,"310,00","310,00","310,00","310,00","0,00",159.0,49.29,49.29
GRDN,28.05.2021,"310,00",,,"310,00","0,00",,,
GRDN,31.05.2021,"310,00",,,"310,00","0,00",,,
GRDN,01.06.2021,"310,00",,,"310,00","0,00",,,
GRDN,02.06.2021,"310,00",,,"310,00","0,00",,,
GRDN,03.06.2021,"310,00",,,"310,00","0,00",,,
GRDN,04.06.2021,"310,00",,,"310,00","0,00",,,
GRDN,07.06.2021,"310,00",,,"310,00","0,00",,,
GRDN,08.06.2021,"310,00",,,"310,00","0,00",,,
GRDN,09.06.2021,"310,00",,,"310,00","0,00",,,
GRDN,10.06.2021,"310,00",,,"310,00","0,00",,,
GRDN,11.06.2021,"310,00",,,"310,00","0,00",,,
GRDN,14.06.2021,"310,00",,,"310,00","0,00",,,
GRDN,15.06.2021,"310,00",,,"310,00","0,00",,,
GRDN,16.06.2021,"310,00",,,"310,00","0,00",,,
GRDN,17.06.2021,"310,00",,,"310,00","0,00",,,
GRDN,21.06.2021,"310,00",,,"310,00","0,00",,,
GRDN,22.06.2021,"310,00",,,"310,00","0,00",,,
GRDN,23.06.2021,"310,00",,,"310,00","0,00",,,
GRDN,24.06.2021,"310,00",,,"310,00","0,00",,,
GRDN,25.06.2021,"310,00",,,"310,00","0,00",,,
GRDN,28.06.2021,"310,00",,,"310,00","0,00",,,
GRDN,29.06.2021,"310,00",,,"310,00","0,00",,,
GRDN,30.06.2021,"310,00",,,"310,00","0,00",,,
GRDN,01.07.2021,"310,00",,,"310,00","0,00",,,
GRDN,02.07.2021,"310,00",,,"310,00","0,00",,,
GRDN,05.07.2021,"310,00",,,"310,00","0,00",,,
GRDN,06.07.2021,"310,00",,,"310,00","0,00",,,
GRDN,07.07.2021,"310,00",,,"310,00","0,00",,,
GRDN,08.07.2021,"310,00",,,"310,00","0,00",,,
GRDN,09.07.2021,"310,00",,,"310,00","0,00",,,
GRDN,12.07.2021,"310,00",,,"310,00","0,00",,,
GRDN,13.07.2021,"310,00",,,"310,00","0,00",,,
GRDN,14.07.2021,"310,00",,,"310,00","0,00",,,
GRDN,15.07.2021,"310,00",,,"310,00","0,00",,,
GRDN,16.07.2021,"310,00",,,"310,00","0,00",,,
GRDN,19.07.2021,"310,00",,,"310,00","0,00",,,
GRDN,20.07.2021,"310,00",,,"310,00","0,00",,,
GRDN,21.07.2021,"310,00",,,"310,00","0,00",,,
GRDN,22.07.2021,"310,00",,,"310,00","0,00",,,
GRDN,23.07.2021,"310,00",,,"310,00","0,00",,,
GRDN,26.07.2021,"310,00",,,"310,00","0,00",,,
GRDN,27.07.2021,"310,00",,,"310,00","0,00",,,
GRDN,28.07.2021,"310,00",,,"310,00","0,00",,,
GRDN,29.07.2021,"310,00",,,"310,00","0,00",,,
GRDN,30.07.2021,"310,00",,,"310,00","0,00",,,
GRDN,03.08.2021,"310,00",,,"310,00","0,00",,,
GRDN,04.08.2021,"310,00",,,"310,00","0,00",,,
GRDN,05.08.2021,"310,00",,,"310,00","0,00",,,
GRDN,06.08.2021,"310,00",,,"310,00","0,00",,,
GRDN,09.08.2021,"310,00",,,"310,00","0,00",,,
GRDN,10.08.2021,"310,00",,,"310,00","0,00",,,
GRDN,11.08.2021,"310,00",,,"310,00","0,00",,,
GRDN,12.08.2021,"310,00",,,"310,00","0,00",,,
GRDN,13.08.2021,"310,00",,,"310,00","0,00",,,
GRDN,16.08.2021,"310,00",,,"310,00","0,00",,,
GRDN,17.08.2021,"310,00",,,"310,00","0,00",,,
GRDN,18.08.2021,"310,00",,,"310,00","0,00",,,
GRDN,19.08.2021,"310,00",,,"310,00","0,00",,,
GRDN,20.08.2021,"310,00",,,"310,00","0,00",,,
GRDN,23.08.2021,"310,00",,,"310,00","0,00",,,
GRDN,24.08.2021,"310,00",,,"310,00","0,00",,,
GRDN,25.08.2021,"310,00",,,"310,00","0,00",,,
GRDN,26.08.2021,"310,00",,,"310,00","0,00",,,
GRDN,27.08.2021,"310,00",,,"310,00","0,00",,,
GRDN,30.08.2021,"310,00",,,"310,00","0,00",,,
GRDN,31.08.2021,"310,00",,,"310,00","0,00",,,
GRDN,01.09.2021,"310,00",,,"310,00","0,00",,,
GRDN,02.09.2021,"310,00",,,"310,00","0,00",,,
GRDN,03.09.2021,"310,00",,,"310,00","0,00",,,
GRDN,06.09.2021,"310,00",,,"310,00","0,00",,,
GRDN,07.09.2021,"310,00",,,"310,00","0,00",,,
GRDN,09.09.2021,"310,00",,,"310,00","0,00",,,
GRDN,10.09.2021,"310,00",,,"310,00","0,00",,,
GRDN,13.09.2021,"310,00",,,"310,00","0,00",,,
GRDN,14.09.2021,"310,00",,,"310,00","0,00",,,
GRDN,15.09.2021,"310,00",,,"310,00","0,00",,,
GRDN,16.09.2021,"310,00",,,"310,00","0,00",,,
GRDN,17.09.2021,"310,00",,,"310,00","0,00",,,
GRDN,20.09.2021,"310,00",,,"310,00","0,00",,,
GRDN,21.09.2021,"310,00",,,"310,00","0,00",,,
GRDN,22.09.2021,"310,00",,,"310,00","0,00",,,
GRDN,23.09.2021,"310,00",,,"310,00","0,00",,,
GRDN,24.09.2021,"310,00",,,"310,00","0,00",,,
GRDN,27.09.2021,"310,00",,,"310,00","0,00",,,
GRDN,28.09.2021,"310,00",,,"310,00","0,00",,,
GRDN,29.09.2021,"310,00",,,"310,00","0,00",,,
GRDN,30.09.2021,"310,00",,,"310,00","0,00",,,
GRDN,01.10.2021,"310,00",,,"310,00","0,00",,,
GRDN,04.10.2021,"310,00",,,"310,00","0,00",,,
GRDN,05.10.2021,"310,00",,,"310,00","0,00",,,
GRDN,06.10.2021,"310,00",,,"310,00","0,00",,,
GRDN,07.10.2021,"310,00",,,"310,00","0,00",,,
GRDN,08.10.2021,"310,00",,,"310,00","0,00",,,
GRDN,12.10.2021,"310,00",,,"310,00","0,00",,,
GRDN,13.10.2021,"310,00",,,"310,00","0,00",,,
GRDN,14.10.2021,"310,00",,,"310,00","0,00",,,
GRDN,15.10.2021,"310,00",,,"310,00","0,00",,,
GRDN,18.10.2021,"310,00",,,"310,00","0,00",,,
GRDN,19.10.2021,"310,00",,,"310,00","0,00",,,
GRDN,20.10.2021,"310,00",,,"310,00","0,00",,,
GRDN,21.10.2021,"310,00",,,"310,00","0,00",,,
GRDN,22.10.2021,"310,00",,,"310,00","0,00",,,
GRDN,25.10.2021,"310,00",,,"310,00","0,00",,,
GRDN,26.10.2021,"310,00",,,"310,00","0,00",,,
GRDN,27.10.2021,"310,00",,,"310,00","0,00",,,
GRDN,28.10.2021,"310,00",,,"310,00","0,00",,,
GRDN,29.10.2021,"310,00",,,"310,00","0,00",,,
GRDN,01.11.2021,"310,00",,,"310,00","0,00",,,
GRDN,02.11.2021,"310,00",,,"310,00","0,00",,,
GRDN,03.11.2021,"310,00",,,"310,00","0,00",,,
GRDN,04.11.2021,"310,00",,,"310,00","0,00",,,
GRDN,05.11.2021,"310,00",,,"310,00","0,00",,,
GRDN,08.11.2021,"310,00",,,"310,00","0,00",,,
GRDN,09.11.2021,"310,00",,,"310,00","0,00",,,
GRDN,10.11.2021,"310,00",,,"310,00","0,00",,,
GRDN,11.11.2021,"310,00",,,"310,00","0,00",,,
GRDN,12.11.2021,"310,00",,,"310,00","0,00",,,
GRDN,15.11.2021,"310,00",,,"310,00","0,00",,,
GRDN,16.11.2021,"310,00",,,"310,00","0,00",,,
GRDN,17.11.2021,"310,00",,,"310,00","0,00",,,
GRDN,18.11.2021,"310,00",,,"310,00","0,00",,,
GRDN,19.11.2021,"310,00",,,"310,00","0,00",,,
GRDN,22.11.2021,"310,00",,,"310,00","0,00",,,
GRDN,23.11.2021,"310,00",,,"310,00","0,00",,,
GRDN,24.11.2021,"310,00",,,"310,00","0,00",,,
GRDN,25.11.2021,"310,00",,,"310,00","0,00",,,
GRDN,26.11.2021,"310,00",,,"310,00","0,00",,,
GRDN,29.11.2021,"310,00",,,"310,00","0,00",,,
GRDN,30.11.2021,"310,00",,,"310,00","0,00",,,
GRDN,01.12.2021,"310,00",,,"310,00","0,00",,,
GRDN,02.12.2021,"310,00",,,"310,00","0,00",,,
GRDN,03.12.2021,"310,00",,,"310,00","0,00",,,
GRDN,06.12.2021,"310,00",,,"310,00","0,00",,,
GRDN,07.12.2021,"310,00",,,"310,00","0,00",,,
GRDN,09.12.2021,"310,00",,,"310,00","0,00",,,
GRDN,10.12.2021,"310,00",,,"310,00","0,00",,,
GRDN,13.12.2021,"310,00",,,"310,00","0,00",,,
GRDN,14.12.2021,"310,00",,,"310,00","0,00",,,
GRDN,15.12.2021,"310,00",,,"310,00","0,00",,,
GRDN,16.12.2021,"310,00",,,"310,00","0,00",,,
GRDN,17.12.2021,"310,00",,,"310,00","0,00",,,
GRDN,20.12.2021,"310,00",,,"310,00","0,00",,,
GRDN,21.12.2021,"310,00",,,"310,00","0,00",,,
GRDN,22.12.2021,"310,00",,,"310,00","0,00",,,
GRDN,23.12.2021,"310,00",,,"310,00","0,00",,,
GRDN,24.12.2021,"310,00",,,"310,00","0,00",,,
GRDN,27.12.2021,"310,00",,,"310,00","0,00",,,
GRDN,28.12.2021,"310,00",,,"310,00","0,00",,,
GRDN,29.12.2021,"310,00",,,"310,00","0,00",,,
GRDN,30.12.2021,"310,00",,,"310,00","0,00",,,
GRDN,03.01.2022,"310,00",,,"310,00","0,00",,,
GRDN,04.01.2022,"310,00",,,"310,00","0,00",,,
GRDN,05.01.2022,"310,00",,,"310,00","0,00",,,
GRDN,10.01.2022,"310,00",,,"310,00","0,00",,,
GRDN,11.01.2022,"310,00",,,"310,00","0,00",,,
GRDN,12.01.2022,"310,00",,,"310,00","0,00",,,
GRDN,13.01.2022,"310,00",,,"310,00","0,00",,,
GRDN,14.01.2022,"310,00",,,"310,00","0,00",,,
GRDN,17.01.2022,"310,00",,,"310,00","0,00",,,
GRDN,18.01.2022,"310,00",,,"310,00","0,00",,,
GRDN,20.01.2022,"310,00",,,"310,00","0,00",,,
GRDN,21.01.2022,"310,00",,,"310,00","0,00",,,
GRDN,24.01.2022,"310,00",,,"310,00","0,00",,,
GRDN,25.01.2022,"310,00",,,"310,00","0,00",,,
GRDN,26.01.2022,"310,00",,,"310,00","0,00",,,
GRDN,27.01.2022,"310,00",,,"310,00","0,00",,,
GRDN,28.01.2022,"310,00",,,"310,00","0,00",,,
GRDN,31.01.2022,"310,00",,,"310,00","0,00",,,
GRDN,01.02.2022,"310,00",,,"310,00","0,00",,,
GRDN,02.02.2022,"310,00",,,"310,00","0,00",,,
GRDN,03.02.2022,"310,00",,,"310,00","0,00",,,
GRDN,04.02.2022,"310,00",,,"310,00","0,00",,,
GRDN,07.02.2022,"310,00",,,"310,00","0,00",,,
GRDN,08.02.2022,"310,00",,,"310,00","0,00",,,
GRDN,09.02.2022,"310,00",,,"310,00","0,00",,,
GRDN,10.02.2022,"310,00",,,"310,00","0,00",,,
GRDN,11.02.2022,"310,00",,,"310,00","0,00",,,
GRDN,14.02.2022,"310,00",,,"310,00","0,00",,,
GRDN,15.02.2022,"310,00",,,"310,00","0,00",,,
GRDN,16.02.2022,"310,00",,,"310,00","0,00",,,
GRDN,17.02.2022,"310,00",,,"310,00","0,00",,,
GRDN,18.02.2022,"310,00",,,"310,00","0,00",,,
GRDN,21.02.2022,"310,00",,,"310,00","0,00",,,
GRDN,22.02.2022,"310,00",,,"310,00","0,00",,,
GRDN,23.02.2022,"310,00",,,"310,00","0,00",,,
GRDN,24.02.2022,"310,00",,,"310,00","0,00",,,
GRDN,25.02.2022,"310,00",,,"310,00","0,00",,,
GRDN,28.02.2022,"310,00",,,"310,00","0,00",,,
GRDN,01.03.2022,"310,00",,,"310,00","0,00",,,
GRDN,02.03.2022,"310,00",,,"310,00","0,00",,,
GRDN,03.03.2022,"310,00",,,"310,00","0,00",,,
GRDN,04.03.2022,"310,00",,,"310,00","0,00",,,
GRDN,07.03.2022,"310,00",,,"310,00","0,00",,,
GRDN,08.03.2022,"310,00",,,"310,00","0,00",,,
GRDN,09.03.2022,"310,00",,,"310,00","0,00",,,
GRDN,10.03.2022,"310,00",,,"310,00","0,00",,,
GRDN,11.03.2022,"310,00",,,"310,00","0,00",,,
GRDN,14.03.2022,"310,00",,,"310,00","0,00",,,
GRDN,15.03.2022,"310,00",,,"310,00","0,00",,,
GRDN,16.03.2022,"310,00",,,"310,00","0,00",,,
GRDN,17.03.2022,"310,00",,,"310,00","0,00",,,
GRDN,18.03.2022,"310,00",,,"310,00","0,00",,,
GRDN,21.03.2022,"310,00",,,"310,00","0,00",,,
GRDN,22.03.2022,"310,00",,,"310,00","0,00",,,
GRDN,23.03.2022,"310,00",,,"310,00","0,00",,,
GRDN,24.03.2022,"310,00",,,"310,00","0,00",,,
GRDN,25.03.2022,"310,00",,,"310,00","0,00",,,
GRDN,28.03.2022,"310,00",,,"310,00","0,00",,,
GRDN,29.03.2022,"310,00",,,"310,00","0,00",,,
GRDN,30.03.2022,"310,00",,,"310,00","0,00",,,
GRDN,31.03.2022,"310,00",,,"310,00","0,00",,,
GRDN,01.04.2022,"310,00",,,"310,00","0,00",,,
GRDN,04.04.2022,"310,00",,,"310,00","0,00",,,
GRDN,05.04.2022,"310,00",,,"310,00","0,00",,,
GRDN,06.04.2022,"310,00",,,"310,00","0,00",,,
GRDN,07.04.2022,"310,00","310,00","310,00","310,00","0,00",158.0,48.98,48.98
GRDN,08.04.2022,"310,00",,,"310,00","0,00",,,
GRDN,11.04.2022,"310,00",,,"310,00","0,00",,,
GRDN,12.04.2022,"310,00",,,"310,00","0,00",,,
GRDN,13.04.2022,"310,00",,,"310,00","0,00",,,
GRDN,14.04.2022,"310,00",,,"310,00","0,00",,,
GRDN,15.04.2022,"310,00",,,"310,00","0,00",,,
GRDN,18.04.2022,"310,00",,,"310,00","0,00",,,
GRDN,19.04.2022,"310,00",,,"310,00","0,00",,,
GRDN,20.04.2022,"310,00",,,"310,00","0,00",,,
GRDN,21.04.2022,"310,00",,,"310,00","0,00",,,
GRDN,26.04.2022,"310,00",,,"310,00","0,00",,,
GRDN,27.04.2022,"310,00",,,"310,00","0,00",,,
GRDN,28.04.2022,"310,00",,,"310,00","0,00",,,
GRDN,29.04.2022,"310,00",,,"310,00","0,00",,,
GRDN,03.05.2022,"310,00",,,"310,00","0,00",,,
GRDN,04.05.2022,"310,00",,,"310,00","0,00",,,
GRDN,05.05.2022,"310,00",,,"310,00","0,00",,,
GRDN,06.05.2022,"310,00",,,"310,00","0,00",,,
GRDN,09.05.2022,"310,00",,,"310,00","0,00",,,
GRDN,10.05.2022,"310,00",,,"310,00","0,00",,,
GRDN,11.05.2022,"310,00",,,"310,00","0,00",,,
GRDN,12.05.2022,"310,00",,,"310,00","0,00",,,
GRDN,13.05.2022,"310,00",,,"310,00","0,00",,,
GRDN,16.05.2022,"310,00",,,"310,00","0,00",,,
GRDN,17.05.2022,"310,00",,,"310,00","0,00",,,
GRDN,18.05.2022,"310,00",,,"310,00","0,00",,,
GRDN,19.05.2022,"310,00",,,"310,00","0,00",,,
GRDN,20.05.2022,"310,00",,,"310,00","0,00",,,
GRDN,23.05.2022,"310,00",,,"310,00","0,00",,,
GRDN,25.05.2022,"310,00",,,"310,00","0,00",,,
GRDN,26.05.2022,"310,00",,,"310,00","0,00",,,
GRDN,27.05.2022,"310,00",,,"310,00","0,00",,,
GRDN,30.05.2022,"310,00",,,"310,00","0,00",,,
GRDN,31.05.2022,"310,00",,,"310,00","0,00",,,
GRDN,01.06.2022,"310,00",,,"310,00","0,00",,,
GRDN,02.06.2022,"310,00",,,"310,00","0,00",,,
GRDN,03.06.2022,"310,00",,,"310,00","0,00",,,
GRDN,06.06.2022,"310,00",,,"310,00","0,00",,,
GRDN,07.06.2022,"310,00",,,"310,00","0,00",,,
GRDN,08.06.2022,"310,00",,,"310,00","0,00",,,
GRDN,09.06.2022,"310,00",,,"310,00","0,00",,,
GRDN,13.06.2022,"310,00",,,"310,00","0,00",,,
GRDN,14.06.2022,"310,00",,,"310,00","0,00",,,
GRDN,15.06.2022,"310,00",,,"310,00","0,00",,,
GRDN,16.06.2022,"310,00",,,"310,00","0,00",,,
GRDN,17.06.2022,"310,00",,,"310,00","0,00",,,
GRDN,20.06.2022,"310,00",,,"310,00","0,00",,,
GRDN,21.06.2022,"310,00",,,"310,00","0,00",,,
GRDN,22.06.2022,"310,00",,,"310,00","0,00",,,
GRDN,23.06.2022,"310,00",,,"310,00","0,00",,,
GRDN,24.06.2022,"310,00",,,"310,00","0,00",,,
GRDN,27.06.2022,"310,00",,,"310,00","0,00",,,
GRDN,28.06.2022,"310,00",,,"310,00","0,00",,,
GRDN,29.06.2022,"310,00",,,"310,00","0,00",,,
GRDN,30.06.2022,"310,00",,,"310,00","0,00",,,
GRDN,01.07.2022,"310,00",,,"310,00","0,00",,,
GRDN,04.07.2022,"310,00",,,"310,00","0,00",,,
GRDN,05.07.2022,"310,00",,,"310,00","0,00",,,
GRDN,06.07.2022,"310,00",,,"310,00","0,00",,,
GRDN,07.07.2022,"310,00",,,"310,00","0,00",,,
GRDN,08.07.2022,"310,00",,,"310,00","0,00",,,
GRDN,11.07.2022,"310,00",,,"310,00","0,00",,,
GRDN,12.07.2022,"310,00",,,"310,00","0,00",,,
GRDN,13.07.2022,"310,00",,,"310,00","0,00",,,
GRDN,14.07.2022,"310,00",,,"310,00","0,00",,,
GRDN,15.07.2022,"310,00",,,"310,00","0,00",,,
GRDN,18.07.2022,"310,00",,,"310,00","0,00",,,
GRDN,19.07.2022,"310,00",,,"310,00","0,00",,,
GRDN,20.07.2022,"310,00",,,"310,00","0,00",,,
GRDN,21.07.2022,"310,00",,,"310,00","0,00",,,
GRDN,22.07.2022,"310,00",,,"310,00","0,00",,,
GRDN,25.07.2022,"310,00",,,"310,00","0,00",,,
GRDN,26.07.2022,"310,00",,,"310,00","0,00",,,
GRDN,27.07.2022,"310,00",,,"310,00","0,00",,,
GRDN,28.07.2022,"310,00",,,"310,00","0,00",,,
GRDN,29.07.2022,"310,00",,,"310,00","0,00",,,
GRDN,01.08.2022,"310,00",,,"310,00","0,00",,,
GRDN,03.08.2022,"310,00",,,"310,00","0,00",,,
GRDN,04.08.2022,"310,00",,,"310,00","0,00",,,
GRDN,05.08.2022,"310,00",,,"310,00","0,00",,,
GRDN,08.08.2022,"310,00",,,"310,00","0,00",,,
GRDN,09.08.2022,"310,00",,,"310,00","0,00",,,
GRDN,10.08.2022,"310,00",,,"310,00","0,00",,,
GRDN,11.08.2022,"310,00",,,"310,00","0,00",,,
GRDN,12.08.2022,"310,00",,,"310,00","0,00",,,
GRDN,15.08.2022,"310,00",,,"310,00","0,00",,,
GRDN,16.08.2022,"310,00",,,"310,00","0,00",,,
GRDN,17.08.2022,"310,00",,,"310,00","0,00",,,
GRDN,18.08.2022,"310,00",,,"310,00","0,00",,,
GRDN,19.08.2022,"310,00",,,"310,00","0,00",,,
GRDN,22.08.2022,"310,00",,,"310,00","0,00",,,
GRDN,23.08.2022,"310,00",,,"310,00","0,00",,,
GRDN,24.08.2022,"310,00",,,"310,00","0,00",,,
GRDN,25.08.2022,"310,00",,,"310,00","0,00",,,
GRDN,26.08.2022,"310,00",,,"310,00","0,00",,,
GRDN,29.08.2022,"310,00",,,"310,00","0,00",,,
GRDN,30.08.2022,"310,00",,,"310,00","0,00",,,
GRDN,31.08.2022,"310,00",,,"310,00","0,00",,,
GRDN,01.09.2022,"310,00",,,"310,00","0,00",,,
GRDN,02.09.2022,"310,00",,,"310,00","0,00",,,
GRDN,05.09.2022,"310,00",,,"310,00","0,00",,,
GRDN,06.09.2022,"310,00",,,"310,00","0,00",,,
GRDN,07.09.2022,"310,00",,,"310,00","0,00",,,
GRDN,09.09.2022,"310,00",,,"310,00","0,00",,,
GRDN,12.09.2022,"310,00",,,"310,00","0,00",,,
GRDN,13.09.2022,"310,00",,,"310,00","0,00",,,
GRDN,14.09.2022,"310,00",,,"310,00","0,00",,,
GRDN,15.09.2022,"310,00",,,"310,00","0,00",,,
GRDN,16.09.2022,"310,00",,,"310,00","0,00",,,
GRDN,19.09.2022,"310,00",,,"310,00","0,00",,,
GRDN,20.09.2022,"310,00",,,"310,00","0,00",,,
GRDN,21.09.2022,"310,00",,,"310,00","0,00",,,
GRDN,22.09.2022,"310,00",,,"310,00","0,00",,,
GRDN,23.09.2022,"310,00",,,"310,00","0,00",,,
GRDN,26.09.2022,"310,00",,,"310,00","0,00",,,
GRDN,27.09.2022,"310,00",,,"310,00","0,00",,,
GRDN,28.09.2022,"310,00",,,"310,00","0,00",,,
GRDN,29.09.2022,"310,00",,,"310,00","0,00",,,
GRDN,30.09.2022,"310,00",,,"310,00","0,00",,,
GRDN,03.10.2022,"310,00",,,"310,00","0,00",,,
GRDN,04.10.2022,"310,00",,,"310,00","0,00",,,
GRDN,05.10.2022,"310,00",,,"310,00","0,00",,,
GRDN,06.10.2022,"310,00",,,"310,00","0,00",,,
GRDN,07.10.2022,"310,00",,,"310,00","0,00",,,
GRDN,10.10.2022,"310,00",,,"310,00","0,00",,,
GRDN,12.10.2022,"310,00",,,"310,00","0,00",,,
GRDN,13.10.2022,"310,00",,,"310,00","0,00",,,
GRDN,14.10.2022,"310,00",,,"310,00","0,00",,,
GRDN,17.10.2022,"310,00",,,"310,00","0,00",,,
GRDN,18.10.2022,"310,00",,,"310,00","0,00",,,
GRDN,19.10.2022,"310,00",,,"310,00","0,00",,,
GRDN,20.10.2022,"310,00",,,"310,00","0,00",,,
GRDN,21.10.2022,"310,00",,,"310,00","0,00",,,
GRDN,25.10.2022,"310,00",,,"310,00","0,00",,,
GRDN,26.10.2022,"310,00",,,"310,00","0,00",,,
GRDN,27.10.2022,"310,00",,,"310,00","0,00",,,
GRDN,28.10.2022,"310,00",,,"310,00","0,00",,,
GRDN,31.10.2022,"310,00",,,"310,00","0,00",,,
GRDN,01.11.2022,"310,00",,,"310,00","0,00",,,
GRDN,02.11.2022,"310,00",,,"310,00","0,00",,,
GRDN,03.11.2022,"310,00",,,"310,00","0,00",,,
GRDN,04.11.2022,"310,00",,,"310,00","0,00",,,
GRDN,07.11.2022,"310,00",,,"310,00","0,00",,,
GRDN,08.11.2022,"310,00",,,"310,00","0,00",,,
GRDN,09.11.2022,"310,00",,,"310,00","0,00",,,
GRDN,10.11.2022,"310,00",,,"310,00","0,00",,,
GRDN,11.11.2022,"310,00",,,"310,00","0,00",,,
GRDN,14.11.2022,"310,00",,,"310,00","0,00",,,
GRDN,15.11.2022,"310,00",,,"310,00","0,00",,,
GRDN,16.11.2022,"310,00","310,00","310,00","310,00","0,00",233.0,72.23,72.23
GRDN,17.11.2022,"310,00",,,"310,00","0,00",,,
GRDN,18.11.2022,"310,00",,,"310,00","0,00",,,
GRDN,21.11.2022,"310,00",,,"310,00","0,00",,,
GRDN,22.11.2022,"310,00",,,"310,00","0,00",,,
GRDN,23.11.2022,"310,00",,,"310,00","0,00",,,
GRDN,24.11.2022,"310,00",,,"310,00","0,00",,,
GRDN,25.11.2022,"310,00",,,"310,00","0,00",,,
GRDN,28.11.2022,"310,00",,,"310,00","0,00",,,
GRDN,29.11.2022,"310,00",,,"310,00","0,00",,,
GRDN,30.11.2022,"310,00",,,"310,00","0,00",,,
GRDN,01.12.2022,"310,00",,,"310,00","0,00",,,
GRDN,02.12.2022,"310,00",,,"310,00","0,00",,,
GRDN,05.12.2022,"310,00",,,"310,00","0,00",,,
GRDN,06.12.2022,"310,00",,,"310,00","0,00",,,
GRDN,07.12.2022,"310,00",,,"310,00","0,00",,,
GRDN,09.12.2022,"310,00",,,"310,00","0,00",,,
GRDN,12.12.2022,"310,00",,,"310,00","0,00",,,
GRDN,13.12.2022,"310,00",,,"310,00","0,00",,,
GRDN,14.12.2022,"310,00",,,"310,00","0,00",,,
GRDN,15.12.2022,"310,00",,,"310,00","0,00",,,
GRDN,16.12.2022,"310,00",,,"310,00","0,00",,,
GRDN,19.12.2022,"310,00",,,"310,00","0,00",,,
GRDN,20.12.2022,"310,00",,,"310,00","0,00",,,
GRDN,21.12.2022,"310,00",,,"310,00","0,00",,,
GRDN,22.12.2022,"310,00",,,"310,00","0,00",,,
GRDN,23.12.2022,"310,00",,,"310,00","0,00",,,
GRDN,26.12.2022,"310,00",,,"310,00","0,00",,,
GRDN,27.12.2022,"310,00",,,"310,00","0,00",,,
GRDN,28.12.2022,"310,00",,,"310,00","0,00",,,
GRDN,29.12.2022,"310,00",,,"310,00","0,00",,,
GRDN,03.01.2023,"310,00",,,"310,00","0,00",,,
GRDN,04.01.2023,"310,00",,,"310,00","0,00",,,
GRDN,05.01.2023,"310,00",,,"310,00","0,00",,,
GRDN,09.01.2023,"310,00",,,"310,00","0,00",,,
GRDN,10.01.2023,"310,00",,,"310,00","0,00",,,
GRDN,11.01.2023,"310,00",,,"310,00","0,00",,,
GRDN,12.01.2023,"310,00",,,"310,00","0,00",,,
GRDN,13.01.2023,"310,00",,,"310,00","0,00",,,
GRDN,16.01.2023,"310,00",,,"310,00","0,00",,,
GRDN,17.01.2023,"310,00",,,"310,00","0,00",,,
GRDN,18.01.2023,"310,00",,,"310,00","0,00",,,
GRDN,20.01.2023,"310,00",,,"310,00","0,00",,,
GRDN,23.01.2023,"310,00",,,"310,00","0,00",,,
GRDN,24.01.2023,"310,00",,,"310,00","0,00",,,
GRDN,25.01.2023,"310,00",,,"310,00","0,00",,,
GRDN,26.01.2023,"310,00",,,"310,00","0,00",,,
GRDN,27.01.2023,"310,00",,,"310,00","0,00",,,
GRDN,30.01.2023,"310,00",,,"310,00","0,00",,,
GRDN,31.01.2023,"310,00",,,"310,00","0,00",,,
GRDN,01.02.2023,"310,00",,,"310,00","0,00",,,
GRDN,02.02.2023,"310,00",,,"310,00","0,00",,,
GRDN,03.02.2023,"310,00",,,"310,00","0,00",,,
GRDN,06.02.2023,"310,00",,,"310,00","0,00",,,
GRDN,07.02.2023,"310,00",,,"310,00","0,00",,,
GRDN,08.02.2023,"310,00",,,"310,00","0,00",,,
GRDN,09.02.2023,"310,00",,,"310,00","0,00",,,
GRDN,10.02.2023,"310,00",,,"310,00","0,00",,,
GRDN,13.02.2023,"310,00",,,"310,00","0,00",,,
GRDN,14.02.2023,"310,00",,,"310,00","0,00",,,
GRDN,15.02.2023,"310,00",,,"310,00","0,00",,,
GRDN,16.02.2023,"310,00",,,"310,00","0,00",,,
GRDN,17.02.2023,"310,00",,,"310,00","0,00",,,
GRDN,20.02.2023,"310,00",,,"310,00","0,00",,,
GRDN,21.02.2023,"310,00",,,"310,00","0,00",,,
GRDN,22.02.2023,"310,00",,,"310,00","0,00",,,
GRDN,23.02.2023,"310,00",,,"310,00","0,00",,,
GRDN,24.02.2023,"310,00",,,"310,00","0,00",,,
GRDN,27.02.2023,"310,00",,,"310,00","0,00",,,
GRDN,28.02.2023,"310,00",,,"310,00","0,00",,,
GRDN,01.03.2023,"310,00",,,"310,00","0,00",,,
GRDN,02.03.2023,"310,00",,,"310,00","0,00",,,
GRDN,03.03.2023,"310,00",,,"310,00","0,00",,,
GRDN,06.03.2023,"310,00",,,"310,00","0,00",,,
GRDN,07.03.2023,"310,00",,,"310,00","0,00",,,
GRDN,08.03.2023,"310,00",,,"310,00","0,00",,,
GRDN,09.03.2023,"310,00",,,"310,00","0,00",,,
GRDN,10.03.2023,"310,00",,,"310,00","0,00",,,
GRDN,13.03.2023,"310,00",,,"310,00","0,00",,,
GRDN,14.03.2023,"310,00",,,"310,00","0,00",,,
GRDN,15.03.2023,"310,00",,,"310,00","0,00",,,
GRDN,16.03.2023,"310,00",,,"310,00","0,00",,,
GRDN,17.03.2023,"310,00",,,"310,00","0,00",,,
GRDN,20.03.2023,"310,00",,,"310,00","0,00",,,
GRDN,21.03.2023,"310,00",,,"310,00","0,00",,,
GRDN,22.03.2023,"310,00",,,"310,00","0,00",,,
GRDN,23.03.2023,"310,00",,,"310,00","0,00",,,
GRDN,24.03.2023,"310,00",,,"310,00","0,00",,,
GRDN,27.03.2023,"310,00",,,"310,00","0,00",,,
GRDN,28.03.2023,"310,00",,,"310,00","0,00",,,
GRDN,29.03.2023,"310,00",,,"310,00","0,00",,,
GRDN,30.03.2023,"310,00",,,"310,00","0,00",,,
GRDN,31.03.2023,"310,00",,,"310,00","0,00",,,
GRDN,03.04.2023,"310,00",,,"310,00","0,00",,,
GRDN,04.04.2023,"310,00",,,"310,00","0,00",,,
GRDN,05.04.2023,"310,00",,,"310,00","0,00",,,
GRDN,06.04.2023,"310,00",,,"310,00","0,00",,,
GRDN,07.04.2023,"310,00",,,"310,00","0,00",,,
GRDN,10.04.2023,"310,00",,,"310,00","0,00",,,
GRDN,11.04.2023,"310,00",,,"310,00","0,00",,,
GRDN,12.04.2023,"310,00",,,"310,00","0,00",,,
GRDN,13.04.2023,"310,00",,,"310,00","0,00",,,
GRDN,18.04.2023,"310,00",,,"310,00","0,00",,,
GRDN,19.04.2023,"310,00",,,"310,00","0,00",,,
GRDN,20.04.2023,"310,00",,,"310,00","0,00",,,
GRDN,24.04.2023,"310,00",,,"310,00","0,00",,,
GRDN,25.04.2023,"310,00",,,"310,00","0,00",,,
GRDN,26.04.2023,"310,00",,,"310,00","0,00",,,
GRDN,27.04.2023,"310,00",,,"310,00","0,00",,,
GRDN,28.04.2023,"310,00",,,"310,00","0,00",,,
GRDN,02.05.2023,"310,00",,,"310,00","0,00",,,
GRDN,03.05.2023,"310,00",,,"310,00","0,00",,,
GRDN,04.05.2023,"310,00",,,"310,00","0,00",,,
GRDN,05.05.2023,"310,00",,,"310,00","0,00",,,
GRDN,08.05.2023,"310,00",,,"310,00","0,00",,,
GRDN,09.05.2023,"310,00",,,"310,00","0,00",,,
GRDN,10.05.2023,"310,00",,,"310,00","0,00",,,
GRDN,11.05.2023,"310,00",,,"310,00","0,00",,,
GRDN,12.05.2023,"310,00",,,"310,00","0,00",,,
GRDN,15.05.2023,"310,00",,,"310,00","0,00",,,
GRDN,16.05.2023,"310,00",,,"310,00","0,00",,,
GRDN,17.05.2023,"310,00",,,"310,00","0,00",,,
GRDN,18.05.2023,"310,00",,,"310,00","0,00",,,
GRDN,19.05.2023,"310,00",,,"310,00","0,00",,,
GRDN,22.05.2023,"310,00",,,"310,00","0,00",,,
GRDN,23.05.2023,"310,00",,,"310,00","0,00",,,
GRDN,25.05.2023,"310,00",,,"310,00","0,00",,,
GRDN,26.05.2023,"310,00",,,"310,00","0,00",,,
GRDN,29.05.2023,"310,00",,,"310,00","0,00",,,
GRDN,30.05.2023,"310,00",,,"310,00","0,00",,,
GRDN,31.05.2023,"310,00",,,"310,00","0,00",,,
GRDN,01.06.2023,"310,00",,,"310,00","0,00",,,
GRDN,05.06.2023,"310,00",,,"310,00","0,00",,,
GRDN,06.06.2023,"310,00",,,"310,00","0,00",,,
GRDN,07.06.2023,"310,00",,,"310,00","0,00",,,
GRDN,08.06.2023,"310,00",,,"310,00","0,00",,,
GRDN,09.06.2023,"310,00",,,"310,00","0,00",,,
GRDN,12.06.2023,"310,00",,,"310,00","0,00",,,
GRDN,13.06.2023,"310,00",,,"310,00","0,00",,,
GRDN,14.06.2023,"310,00",,,"310,00","0,00",,,
GRDN,15.06.2023,"310,00",,,"310,00","0,00",,,
GRDN,16.06.2023,"310,00",,,"310,00","0,00",,,
GRDN,19.06.2023,"310,00",,,"310,00","0,00",,,
GRDN,20.06.2023,"310,00",,,"310,00","0,00",,,
GRDN,21.06.2023,"310,00",,,"310,00","0,00",,,
GRDN,22.06.2023,"310,00",,,"310,00","0,00",,,
GRDN,23.06.2023,"310,00",,,"310,00","0,00",,,
GRDN,26.06.2023,"310,00",,,"310,00","0,00",,,
GRDN,27.06.2023,"310,00",,,"310,00","0,00",,,
GRDN,28.06.2023,"310,00",,,"310,00","0,00",,,
GRDN,29.06.2023,"310,00",,,"310,00","0,00",,,
GRDN,30.06.2023,"310,00",,,"310,00","0,00",,,
GRDN,03.07.2023,"310,00",,,"310,00","0,00",,,
GRDN,04.07.2023,"310,00",,,"310,00","0,00",,,
GRDN,05.07.2023,"310,00",,,"310,00","0,00",,,
GRDN,06.07.2023,"310,00",,,"310,00","0,00",,,
GRDN,07.07.2023,"310,00",,,"310,00","0,00",,,
GRDN,10.07.2023,"310,00",,,"310,00","0,00",,,
GRDN,11.07.2023,"310,00",,,"310,00","0,00",,,
GRDN,12.07.2023,"310,00",,,"310,00","0,00",,,
GRDN,13.07.2023,"310,00",,,"310,00","0,00",,,
GRDN,14.07.2023,"310,00",,,"310,00","0,00",,,
GRDN,17.07.2023,"310,00",,,"310,00","0,00",,,
GRDN,18.07.2023,"310,00",,,"310,00","0,00",,,
GRDN,19.07.2023,"310,00",,,"310,00","0,00",,,
GRDN,20.07.2023,"310,00",,,"310,00","0,00",,,
GRDN,21.07.2023,"310,00",,,"310,00","0,00",,,
GRDN,24.07.2023,"310,00",,,"310,00","0,00",,,
GRDN,25.07.2023,"310,00",,,"310,00","0,00",,,
GRDN,26.07.2023,"310,00",,,"310,00","0,00",,,
GRDN,27.07.2023,"310,00",,,"310,00","0,00",,,
GRDN,28.07.2023,"310,00",,,"310,00","0,00",,,
GRDN,31.07.2023,"310,00",,,"310,00","0,00",,,
GRDN,01.08.2023,"310,00",,,"310,00","0,00",,,
GRDN,03.08.2023,"310,00",,,"310,00","0,00",,,
GRDN,04.08.2023,"310,00",,,"310,00","0,00",,,
GRDN,07.08.2023,"310,00",,,"310,00","0,00",,,
GRDN,08.08.2023,"310,00",,,"310,00","0,00",,,
GRDN,09.08.2023,"310,00",,,"310,00","0,00",,,
GRDN,10.08.2023,"310,00",,,"310,00","0,00",,,
GRDN,11.08.2023,"310,00",,,"310,00","0,00",,,
GRDN,14.08.2023,"310,00",,,"310,00","0,00",,,
GRDN,15.08.2023,"310,00",,,"310,00","0,00",,,
GRDN,16.08.2023,"310,00",,,"310,00","0,00",,,
GRDN,17.08.2023,"310,00",,,"310,00","0,00",,,
GRDN,18.08.2023,"310,00",,,"310,00","0,00",,,
GRDN,21.08.2023,"310,00",,,"310,00","0,00",,,
GRDN,22.08.2023,"310,00",,,"310,00","0,00",,,
GRDN,23.08.2023,"310,00",,,"310,00","0,00",,,
GRDN,24.08.2023,"310,00",,,"310,00","0,00",,,
GRDN,25.08.2023,"310,00",,,"310,00","0,00",,,
GRDN,29.08.2023,"310,00",,,"310,00","0,00",,,
GRDN,30.08.2023,"310,00",,,"310,00","0,00",,,
GRDN,31.08.2023,"310,00",,,"310,00","0,00",,,
GRDN,01.09.2023,"310,00",,,"310,00","0,00",,,
GRDN,04.09.2023,"310,00",,,"310,00","0,00",,,
GRDN,05.09.2023,"310,00",,,"310,00","0,00",,,
GRDN,06.09.2023,"310,00",,,"310,00","0,00",,,
GRDN,07.09.2023,"310,00",,,"310,00","0,00",,,
GRDN,11.09.2023,"310,00",,,"310,00","0,00",,,
GRDN,12.09.2023,"310,00",,,"310,00","0,00",,,
GRDN,13.09.2023,"310,00",,,"310,00","0,00",,,
GRDN,14.09.2023,"310,00",,,"310,00","0,00",,,
GRDN,15.09.2023,"310,00",,,"310,00","0,00",,,
GRDN,18.09.2023,"310,00",,,"310,00","0,00",,,
GRDN,19.09.2023,"310,00",,,"310,00","0,00",,,
GRDN,20.09.2023,"310,00",,,"310,00","0,00",,,
GRDN,21.09.2023,"310,00",,,"310,00","0,00",,,
GRDN,22.09.2023,"310,00",,,"310,00","0,00",,,
GRDN,25.09.2023,"310,00",,,"310,00","0,00",,,
GRDN,26.09.2023,"310,00",,,"310,00","0,00",,,
GRDN,27.09.2023,"310,00",,,"310,00","0,00",,,
GRDN,28.09.2023,"310,00",,,"310,00","0,00",,,
GRDN,29.09.2023,"310,00",,,"310,00","0,00",,,
GRDN,02.10.2023,"310,00",,,"310,00","0,00",,,
GRDN,03.10.2023,"310,00",,,"310,00","0,00",,,
GRDN,04.10.2023,"310,00",,,"310,00","0,00",,,
GRDN,05.10.2023,"310,00",,,"310,00","0,00",,,
GRDN,06.10.2023,"310,00",,,"310,00","0,00",,,
GRDN,09.10.2023,"310,00",,,"310,00","0,00",,,
GRDN,10.10.2023,"310,00",,,"310,00","0,00",,,
GRDN,12.10.2023,"310,00",,,"310,00","0,00",,,
GRDN,13.10.2023,"310,00",,,"310,00","0,00",,,
GRDN,16.10.2023,"310,00",,,"310,00","0,00",,,
GRDN,17.10.2023,"310,00",,,"310,00","0,00",,,
GRDN,18.10.2023,"310,00",,,"310,00","0,00",,,
GRDN,19.10.2023,"310,00",,,"310,00","0,00",,,
GRDN,20.10.2023,"310,00",,,"310,00","0,00",,,
GRDN,24.10.2023,"310,00",,,"310,00","0,00",,,
GRDN,25.10.2023,"310,00",,,"310,00","0,00",,,
GRDN,26.10.2023,"310,00",,,"310,00","0,00",,,
GRDN,27.10.2023,"310,00",,,"310,00","0,00",,,
GRDN,30.10.2023,"310,00",,,"310,00","0,00",,,
GRDN,31.10.2023,"310,00",,,"310,00","0,00",,,
GRDN,01.11.2023,"310,00",,,"310,00","0,00",,,
GRDN,02.11.2023,"310,00",,,"310,00","0,00",,,
GRDN,03.11.2023,"310,00",,,"310,00","0,00",,,
GRDN,06.11.2023,"310,00",,,"310,00","0,00",,,
GRDN,07.11.2023,"310,00",,,"310,00","0,00",,,
GRDN,08.11.2023,"310,00",,,"310,00","0,00",,,
GRDN,09.11.2023,"310,00",,,"310,00","0,00",,,
GRDN,10.11.2023,"310,00",,,"310,00","0,00",,,
GRDN,13.11.2023,"310,00",,,"310,00","0,00",,,
GRDN,14.11.2023,"310,00",,,"310,00","0,00",,,
GRDN,15.11.2023,"310,00",,,"310,00","0,00",,,
GRDN,16.11.2023,"310,00",,,"310,00","0,00",,,
GRDN,17.11.2023,"310,00",,,"310,00","0,00",,,
GRDN,20.11.2023,"310,00",,,"310,00","0,00",,,
GRDN,21.11.2023,"310,00",,,"310,00","0,00",,,
GRDN,22.11.2023,"310,00",,,"310,00","0,00",,,
GRDN,23.11.2023,"310,00",,,"310,00","0,00",,,
GRDN,24.11.2023,"310,00",,,"310,00","0,00",,,
GRDN,27.11.2023,"310,00",,,"310,00","0,00",,,
GRDN,28.11.2023,"310,00",,,"310,00","0,00",,,
GRDN,29.11.2023,"310,00",,,"310,00","0,00",,,
GRDN,30.11.2023,"310,00",,,"310,00","0,00",,,
GRDN,01.12.2023,"310,00","310,00","310,00","310,00","0,00",127.0,39.37,39.37
GRDN,04.12.2023,"310,00",,,"310,00","0,00",,,
GRDN,05.12.2023,"310,00",,,"310,00","0,00",,,
GRDN,06.12.2023,"310,00",,,"310,00","0,00",,,
GRDN,07.12.2023,"310,00",,,"310,00","0,00",,,
GRDN,11.12.2023,"310,00",,,"310,00","0,00",,,
GRDN,12.12.2023,"310,00",,,"310,00","0,00",,,
GRDN,13.12.2023,"310,00",,,"310,00","0,00",,,
GRDN,14.12.2023,"310,00",,,"310,00","0,00",,,
GRDN,15.12.2023,"310,00",,,"310,00","0,00",,,
GRDN,18.12.2023,"310,00",,,"310,00","0,00",,,
GRDN,19.12.2023,"310,00",,,"310,00","0,00",,,
GRDN,20.12.2023,"310,00",,,"310,00","0,00",,,
GRDN,21.12.2023,"310,00","310,00","310,00","310,00","0,00",42.0,13.02,13.02
GRDN,22.12.2023,"310,00",,,"310,00","0,00",,,
GRDN,25.12.2023,"310,00",,,"310,00","0,00",,,
GRDN,26.12.2023,"310,00",,,"310,00","0,00",,,
GRDN,27.12.2023,"310,00",,,"310,00","0,00",,,
GRDN,28.12.2023,"310,00",,,"310,00","0,00",,,
GRDN,02.01.2024,"310,00",,,"310,00","0,00",,,
GRDN,03.01.2024,"310,00",,,"310,00","0,00",,,
GRDN,04.01.2024,"310,00",,,"310,00","0,00",,,
GRDN,05.01.2024,"310,00",,,"310,00","0,00",,,
GRDN,09.01.2024,"310,00",,,"310,00","0,00",,,
GRDN,10.01.2024,"310,00",,,"310,00","0,00",,,
GRDN,11.01.2024,"310,00",,,"310,00","0,00",,,
GRDN,12.01.2024,"310,00",,,"310,00","0,00",,,
GRDN,15.01.2024,"310,00",,,"310,00","0,00",,,
GRDN,16.01.2024,"310,00",,,"310,00","0,00",,,
GRDN,17.01.2024,"310,00",,,"310,00","0,00",,,
GRDN,18.01.2024,"310,00",,,"310,00","0,00",,,
GRDN,22.01.2024,"310,00",,,"310,00","0,00",,,
GRDN,23.01.2024,"310,00",,,"310,00","0,00",,,
GRDN,24.01.2024,"310,00",,,"310,00","0,00",,,
GRDN,25.01.2024,"310,00",,,"310,00","0,00",,,
GRDN,26.01.2024,"310,00",,,"310,00","0,00",,,
GRDN,29.01.2024,"310,00",,,"310,00","0,00",,,
GRDN,30.01.2024,"310,00",,,"310,00","0,00",,,
GRDN,31.01.2024,"310,00",,,"310,00","0,00",,,
GRDN,01.02.2024,"310,00",,,"310,00","0,00",,,
GRDN,02.02.2024,"310,00",,,"310,00","0,00",,,
GRDN,05.02.2024,"310,00",,,"310,00","0,00",,,
GRDN,06.02.2024,"310,00",,,"310,00","0,00",,,
GRDN,07.02.2024,"310,00",,,"310,00","0,00",,,
GRDN,08.02.2024,"310,00",,,"310,00","0,00",,,
GRDN,09.02.2024,"310,00",,,"310,00","0,00",,,
GRDN,12.02.2024,"310,00",,,"310,00","0,00",,,
GRDN,13.02.2024,"310,00",,,"310,00","0,00",,,
GRDN,14.02.2024,"310,00",,,"310,00","0,00",,,
GRDN,15.02.2024,"310,00",,,"310,00","0,00",,,
GRDN,16.02.2024,"310,00",,,"310,00","0,00",,,
GRDN,19.02.2024,"310,00",,,"310,00","0,00",,,
GRDN,20.02.2024,"310,00",,,"310,00","0,00",,,
GRDN,21.02.2024,"310,00",,,"310,00","0,00",,,
GRDN,22.02.2024,"310,00",,,"310,00","0,00",,,
GRDN,23.02.2024,"310,00",,,"310,00","0,00",,,
GRDN,26.02.2024,"310,00",,,"310,00","0,00",,,
GRDN,27.02.2024,"310,00",,,"310,00","0,00",,,
GRDN,28.02.2024,"310,00",,,"310,00","0,00",,,
GRDN,29.02.2024,"310,00",,,"310,00","0,00",,,
GRDN,01.03.2024,"310,00",,,"310,00","0,00",,,
GRDN,04.03.2024,"310,00",,,"310,00","0,00",,,
GRDN,05.03.2024,"310,00",,,"310,00","0,00",,,
GRDN,06.03.2024,"310,00",,,"310,00","0,00",,,
GRDN,07.03.2024,"310,00",,,"310,00","0,00",,,
GRDN,08.03.2024,"310,00",,,"310,00","0,00",,,
GRDN,11.03.2024,"310,00",,,"310,00","0,00",,,
GRDN,12.03.2024,"310,00",,,"310,00","0,00",,,
GRDN,13.03.2024,"310,00",,,"310,00","0,00",,,
GRDN,14.03.2024,"310,00",,,"310,00","0,00",,,
GRDN,15.03.2024,"310,00",,,"310,00","0,00",,,
GRDN,18.03.2024,"310,00",,,"310,00","0,00",,,
GRDN,19.03.2024,"310,00",,,"310,00","0,00",,,
GRDN,20.03.2024,"310,00",,,"310,00","0,00",,,
GRDN,21.03.2024,"310,00",,,"310,00","0,00",,,
GRDN,22.03.2024,"310,00",,,"310,00","0,00",,,
GRDN,25.03.2024,"310,00",,,"310,00","0,00",,,
GRDN,26.03.2024,"310,00",,,"310,00","0,00",,,
GRDN,27.03.2024,"310,00",,,"310,00","0,00",,,
GRDN,28.03.2024,"310,00",,,"310,00","0,00",,,
GRDN,29.03.2024,"310,00",,,"310,00","0,00",,,
GRDN,01.04.2024,"310,00",,,"310,00","0,00",,,
GRDN,02.04.2024,"310,00",,,"310,00","0,00",,,
GRDN,03.04.2024,"310,00",,,"310,00","0,00",,,
GRDN,04.04.2024,"310,00",,,"310,00","0,00",,,
GRDN,05.04.2024,"310,00",,,"310,00","0,00",,,
GRDN,08.04.2024,"310,00",,,"310,00","0,00",,,
GRDN,09.04.2024,"310,00",,,"310,00","0,00",,,
GRDN,11.04.2024,"310,00",,,"310,00","0,00",,,
GRDN,12.04.2024,"310,00",,,"310,00","0,00",,,
GRDN,15.04.2024,"310,00",,,"310,00","0,00",,,
GRDN,16.04.2024,"310,00",,,"310,00","0,00",,,
GRDN,17.04.2024,"310,00",,,"310,00","0,00",,,
GRDN,18.04.2024,"310,00",,,"310,00","0,00",,,
GRDN,19.04.2024,"310,00",,,"310,00","0,00",,,
GRDN,22.04.2024,"310,00",,,"310,00","0,00",,,
GRDN,23.04.2024,"310,00",,,"310,00","0,00",,,
GRDN,25.04.2024,"310,00",,,"310,00","0,00",,,
GRDN,26.04.2024,"310,00",,,"310,00","0,00",,,
GRDN,29.04.2024,"310,00",,,"310,00","0,00",,,
GRDN,30.04.2024,"310,00",,,"310,00","0,00",,,
GRDN,02.05.2024,"310,00",,,"310,00","0,00",,,
GRDN,07.05.2024,"310,00",,,"310,00","0,00",,,
GRDN,09.05.2024,"310,00",,,"310,00","0,00",,,
GRDN,10.05.2024,"310,00",,,"310,00","0,00",,,
GRDN,13.05.2024,"310,00",,,"310,00","0,00",,,
GRDN,14.05.2024,"310,00",,,"310,00","0,00",,,
GRDN,15.05.2024,"310,00",,,"310,00","0,00",,,
GRDN,16.05.2024,"310,00",,,"310,00","0,00",,,
GRDN,17.05.2024,"310,00",,,"310,00","0,00",,,
GRDN,20.05.2024,"310,00",,,"310,00","0,00",,,
GRDN,21.05.2024,"310,00",,,"310,00","0,00",,,
GRDN,22.05.2024,"310,00",,,"310,00","0,00",,,
GRDN,23.05.2024,"310,00",,,"310,00","0,00",,,
GRDN,27.05.2024,"310,00",,,"310,00","0,00",,,
GRDN,28.05.2024,"310,00",,,"310,00","0,00",,,
GRDN,29.05.2024,"310,00",,,"310,00","0,00",,,
GRDN,30.05.2024,"310,00",,,"310,00","0,00",,,
GRDN,31.05.2024,"310,00",,,"310,00","0,00",,,
GRDN,03.06.2024,"310,00",,,"310,00","0,00",,,
GRDN,04.06.2024,"310,00",,,"310,00","0,00",,,
GRDN,05.06.2024,"310,00",,,"310,00","0,00",,,
GRDN,06.06.2024,"310,00",,,"310,00","0,00",,,
GRDN,07.06.2024,"310,00",,,"310,00","0,00",,,
GRDN,10.06.2024,"310,00",,,"310,00","0,00",,,
GRDN,11.06.2024,"310,00",,,"310,00","0,00",,,
GRDN,12.06.2024,"310,00",,,"310,00","0,00",,,
GRDN,13.06.2024,"310,00",,,"310,00","0,00",,,
GRDN,14.06.2024,"310,00",,,"310,00","0,00",,,
GRDN,17.06.2024,"310,00",,,"310,00","0,00",,,
GRDN,18.06.2024,"310,00",,,"310,00","0,00",,,
GRDN,19.06.2024,"310,00",,,"310,00","0,00",,,
GRDN,20.06.2024,"310,00",,,"310,00","0,00",,,
GRDN,24.06.2024,"310,00",,,"310,00","0,00",,,
GRDN,25.06.2024,"310,00",,,"310,00","0,00",,,
GRDN,26.06.2024,"310,00",,,"310,00","0,00",,,
GRDN,27.06.2024,"310,00",,,"310,00","0,00",,,
GRDN,28.06.2024,"310,00",,,"310,00","0,00",,,
GRDN,01.07.2024,"310,00",,,"310,00","0,00",,,
GRDN,02.07.2024,"310,00",,,"310,00","0,00",,,
GRDN,03.07.2024,"310,00",,,"310,00","0,00",,,
GRDN,04.07.2024,"310,00",,,"310,00","0,00",,,
GRDN,05.07.2024,"310,00",,,"310,00","0,00",,,
GRDN,08.07.2024,"310,00",,,"310,00","0,00",,,
GRDN,09.07.2024,"310,00",,,"310,00","0,00",,,
GRDN,10.07.2024,"310,00",,,"310,00","0,00",,,
GRDN,11.07.2024,"310,00",,,"310,00","0,00",,,
GRDN,12.07.2024,"310,00",,,"310,00","0,00",,,
GRDN,15.07.2024,"310,00",,,"310,00","0,00",,,
GRDN,16.07.2024,"310,00",,,"310,00","0,00",,,
GRDN,17.07.2024,"310,00",,,"310,00","0,00",,,
GRDN,18.07.2024,"310,00",,,"310,00","0,00",,,
GRDN,19.07.2024,"310,00",,,"310,00","0,00",,,
GRDN,22.07.2024,"310,00",,,"310,00","0,00",,,
GRDN,23.07.2024,"310,00",,,"310,00","0,00",,,
GRDN,24.07.2024,"310,00",,,"310,00","0,00",,,
GRDN,25.07.2024,"310,00",,,"310,00","0,00",,,
GRDN,26.07.2024,"310,00",,,"310,00","0,00",,,
GRDN,29.07.2024,"310,00",,,"310,00","0,00",,,
GRDN,30.07.2024,"310,00",,,"310,00","0,00",,,
GRDN,31.07.2024,"310,00",,,"310,00","0,00",,,
GRDN,01.08.2024,"310,00",,,"310,00","0,00",,,
GRDN,05.08.2024,"310,00",,,"310,00","0,00",,,
GRDN,06.08.2024,"310,00",,,"310,00","0,00",,,
GRDN,07.08.2024,"310,00",,,"310,00","0,00",,,
GRDN,08.08.2024,"310,00",,,"310,00","0,00",,,
GRDN,09.08.2024,"310,00",,,"310,00","0,00",,,
GRDN,12.08.2024,"310,00",,,"310,00","0,00",,,
GRDN,13.08.2024,"310,00",,,"310,00","0,00",,,
GRDN,14.08.2024,"310,00",,,"310,00","0,00",,,
GRDN,15.08.2024,"310,00",,,"310,00","0,00",,,
GRDN,16.08.2024,"310,00",,,"310,00","0,00",,,
GRDN,19.08.2024,"310,00",,,"310,00","0,00",,,
GRDN,20.08.2024,"310,00",,,"310,00","0,00",,,
GRDN,21.08.2024,"310,00",,,"310,00","0,00",,,
GRDN,22.08.2024,"310,00",,,"310,00","0,00",,,
GRDN,23.08.2024,"310,00",,,"310,00","0,00",,,
GRDN,26.08.2024,"310,00",,,"310,00","0,00",,,
GRDN,27.08.2024,"310,00",,,"310,00","0,00",,,
GRDN,29.08.2024,"310,00",,,"310,00","0,00",,,
GRDN,30.08.2024,"310,00",,,"310,00","0,00",,,
GRDN,02.09.2024,"310,00",,,"310,00","0,00",,,
GRDN,03.09.2024,"310,00",,,"310,00","0,00",,,
GRDN,04.09.2024,"310,00",,,"310,00","0,00",,,
GRDN,05.09.2024,"310,00",,,"310,00","0,00",,,
GRDN,06.09.2024,"310,00",,,"310,00","0,00",,,
GRDN,10.09.2024,"310,00",,,"310,00","0,00",,,
GRDN,11.09.2024,"310,00",,,"310,00","0,00",,,
GRDN,12.09.2024,"310,00",,,"310,00","0,00",,,
GRDN,13.09.2024,"310,00",,,"310,00","0,00",,,
GRDN,16.09.2024,"310,00",,,"310,00","0,00",,,
GRDN,17.09.2024,"310,00",,,"310,00","0,00",,,
GRDN,18.09.2024,"310,00",,,"310,00","0,00",,,
GRDN,19.09.2024,"310,00",,,"310,00","0,00",,,
GRDN,20.09.2024,"310,00",,,"310,00","0,00",,,
GRDN,23.09.2024,"310,00",,,"310,00","0,00",,,
GRDN,24.09.2024,"310,00",,,"310,00","0,00",,,
GRDN,25.09.2024,"310,00",,,"310,00","0,00",,,
GRDN,26.09.2024,"310,00",,,"310,00","0,00",,,
GRDN,27.09.2024,"310,00",,,"310,00","0,00",,,
GRDN,30.09.2024,"310,00",,,"310,00","0,00",,,
GRDN,01.10.2024,"310,00",,,"310,00","0,00",,,
GRDN,02.10.2024,"310,00",,,"310,00","0,00",,,
GRDN,03.10.2024,"310,00","310,00","310,00","310,00","0,00",33.0,10.23,10.23
GRDN,04.10.2024,"310,00",,,"310,00","0,00",,,
GRDN,07.10.2024,"310,00",,,"310,00","0,00",,,
GRDN,08.10.2024,"310,00",,,"310,00","0,00",,,
GRDN,09.10.2024,"310,00",,,"310,00","0,00",,,
GRDN,10.10.2024,"310,00",,,"310,00","0,00",,,
GRDN,14.10.2024,"310,00",,,"310,00","0,00",,,
GRDN,15.10.2024,"310,00",,,"310,00","0,00",,,
GRDN,16.10.2024,"310,00",,,"310,00","0,00",,,
GRDN,17.10.2024,"310,00",,,"310,00","0,00",,,
GRDN,18.10.2024,"310,00",,,"310,00","0,00",,,
GRDN,21.10.2024,"310,00",,,"310,00","0,00",,,
GRDN,22.10.2024,"310,00",,,"310,00","0,00",,,
GRDN,24.10.2024,"310,00",,,"310,00","0,00",,,
GRDN,25.10.2024,"310,00",,,"310,00","0,00",,,
GRDN,28.10.2024,"310,00",,,"310,00","0,00",,,
GRDN,29.10.2024,"310,00",,,"310,00","0,00",,,
GRDN,30.10.2024,"310,00",,,"310,00","0,00",,,
GRDN,31.10.2024,"310,00",,,"310,00","0,00",,,
GRDN,01.11.2024,"310,00",,,"310,00","0,00",,,
GRDN,04.11.2024,"310,00",,,"310,00","0,00",,,
GRDN,05.11.2024,"310,00",,,"310,00","0,00",,,
GRDN,06.11.2024,"310,00",,,"310,00","0,00",,,
GRDN,07.11.2024,"310,00",,,"310,00","0,00",,,
GRDN,08.11.2024,"310,00",,,"310,00","0,00",,,
